--
-- PostgreSQL database dump
--

-- Dumped from database version 15.1
-- Dumped by pg_dump version 15.1

SET statement_timeout = 0;
SET lock_timeout = 0;
SET idle_in_transaction_session_timeout = 0;
SET client_encoding = 'UTF8';
SET standard_conforming_strings = on;
SELECT pg_catalog.set_config('search_path', '', false);
SET check_function_bodies = false;
SET xmloption = content;
SET client_min_messages = warning;
SET row_security = off;

--
-- Name: public; Type: SCHEMA; Schema: -; Owner: tp_igl_user
--

-- *not* creating schema, since initdb creates it


ALTER SCHEMA public OWNER TO tp_igl_user;

SET default_tablespace = '';

SET default_table_access_method = heap;

--
-- Name: auth_group; Type: TABLE; Schema: public; Owner: tp_igl_user
--

CREATE TABLE public.auth_group (
    id integer NOT NULL,
    name character varying(150) NOT NULL
);


ALTER TABLE public.auth_group OWNER TO tp_igl_user;

--
-- Name: auth_group_id_seq; Type: SEQUENCE; Schema: public; Owner: tp_igl_user
--

ALTER TABLE public.auth_group ALTER COLUMN id ADD GENERATED BY DEFAULT AS IDENTITY (
    SEQUENCE NAME public.auth_group_id_seq
    START WITH 1
    INCREMENT BY 1
    NO MINVALUE
    NO MAXVALUE
    CACHE 1
);


--
-- Name: auth_group_permissions; Type: TABLE; Schema: public; Owner: tp_igl_user
--

CREATE TABLE public.auth_group_permissions (
    id integer NOT NULL,
    group_id integer NOT NULL,
    permission_id integer NOT NULL
);


ALTER TABLE public.auth_group_permissions OWNER TO tp_igl_user;

--
-- Name: auth_group_permissions_id_seq; Type: SEQUENCE; Schema: public; Owner: tp_igl_user
--

ALTER TABLE public.auth_group_permissions ALTER COLUMN id ADD GENERATED BY DEFAULT AS IDENTITY (
    SEQUENCE NAME public.auth_group_permissions_id_seq
    START WITH 1
    INCREMENT BY 1
    NO MINVALUE
    NO MAXVALUE
    CACHE 1
);


--
-- Name: auth_permission; Type: TABLE; Schema: public; Owner: tp_igl_user
--

CREATE TABLE public.auth_permission (
    id integer NOT NULL,
    name character varying(255) NOT NULL,
    content_type_id integer NOT NULL,
    codename character varying(100) NOT NULL
);


ALTER TABLE public.auth_permission OWNER TO tp_igl_user;

--
-- Name: auth_permission_id_seq; Type: SEQUENCE; Schema: public; Owner: tp_igl_user
--

ALTER TABLE public.auth_permission ALTER COLUMN id ADD GENERATED BY DEFAULT AS IDENTITY (
    SEQUENCE NAME public.auth_permission_id_seq
    START WITH 1
    INCREMENT BY 1
    NO MINVALUE
    NO MAXVALUE
    CACHE 1
);


--
-- Name: authtoken_token; Type: TABLE; Schema: public; Owner: tp_igl_user
--

CREATE TABLE public.authtoken_token (
    key character varying(40) NOT NULL,
    created timestamp with time zone NOT NULL,
    user_id bigint NOT NULL
);


ALTER TABLE public.authtoken_token OWNER TO tp_igl_user;

--
-- Name: django_admin_log; Type: TABLE; Schema: public; Owner: tp_igl_user
--

CREATE TABLE public.django_admin_log (
    id integer NOT NULL,
    action_time timestamp with time zone NOT NULL,
    object_id text,
    object_repr character varying(200) NOT NULL,
    action_flag smallint NOT NULL,
    change_message text NOT NULL,
    content_type_id integer,
    user_id bigint NOT NULL,
    CONSTRAINT django_admin_log_action_flag_check CHECK ((action_flag >= 0))
);


ALTER TABLE public.django_admin_log OWNER TO tp_igl_user;

--
-- Name: django_admin_log_id_seq; Type: SEQUENCE; Schema: public; Owner: tp_igl_user
--

ALTER TABLE public.django_admin_log ALTER COLUMN id ADD GENERATED BY DEFAULT AS IDENTITY (
    SEQUENCE NAME public.django_admin_log_id_seq
    START WITH 1
    INCREMENT BY 1
    NO MINVALUE
    NO MAXVALUE
    CACHE 1
);


--
-- Name: django_content_type; Type: TABLE; Schema: public; Owner: tp_igl_user
--

CREATE TABLE public.django_content_type (
    id integer NOT NULL,
    app_label character varying(100) NOT NULL,
    model character varying(100) NOT NULL
);


ALTER TABLE public.django_content_type OWNER TO tp_igl_user;

--
-- Name: django_content_type_id_seq; Type: SEQUENCE; Schema: public; Owner: tp_igl_user
--

ALTER TABLE public.django_content_type ALTER COLUMN id ADD GENERATED BY DEFAULT AS IDENTITY (
    SEQUENCE NAME public.django_content_type_id_seq
    START WITH 1
    INCREMENT BY 1
    NO MINVALUE
    NO MAXVALUE
    CACHE 1
);


--
-- Name: django_migrations; Type: TABLE; Schema: public; Owner: tp_igl_user
--

CREATE TABLE public.django_migrations (
    id integer NOT NULL,
    app character varying(255) NOT NULL,
    name character varying(255) NOT NULL,
    applied timestamp with time zone NOT NULL
);


ALTER TABLE public.django_migrations OWNER TO tp_igl_user;

--
-- Name: django_migrations_id_seq; Type: SEQUENCE; Schema: public; Owner: tp_igl_user
--

ALTER TABLE public.django_migrations ALTER COLUMN id ADD GENERATED BY DEFAULT AS IDENTITY (
    SEQUENCE NAME public.django_migrations_id_seq
    START WITH 1
    INCREMENT BY 1
    NO MINVALUE
    NO MAXVALUE
    CACHE 1
);


--
-- Name: django_session; Type: TABLE; Schema: public; Owner: tp_igl_user
--

CREATE TABLE public.django_session (
    session_key character varying(40) NOT NULL,
    session_data text NOT NULL,
    expire_date timestamp with time zone NOT NULL
);


ALTER TABLE public.django_session OWNER TO tp_igl_user;

--
-- Name: gestionAnnonce_address; Type: TABLE; Schema: public; Owner: tp_igl_user
--

CREATE TABLE public."gestionAnnonce_address" (
    id bigint NOT NULL,
    address character varying(50) NOT NULL,
    latitude numeric(9,7) NOT NULL,
    longitude numeric(10,7) NOT NULL
);


ALTER TABLE public."gestionAnnonce_address" OWNER TO tp_igl_user;

--
-- Name: gestionAnnonce_address_id_seq; Type: SEQUENCE; Schema: public; Owner: tp_igl_user
--

ALTER TABLE public."gestionAnnonce_address" ALTER COLUMN id ADD GENERATED BY DEFAULT AS IDENTITY (
    SEQUENCE NAME public."gestionAnnonce_address_id_seq"
    START WITH 1
    INCREMENT BY 1
    NO MINVALUE
    NO MAXVALUE
    CACHE 1
);


--
-- Name: gestionAnnonce_annoncement; Type: TABLE; Schema: public; Owner: tp_igl_user
--

CREATE TABLE public."gestionAnnonce_annoncement" (
    id bigint NOT NULL,
    title character varying(35) NOT NULL,
    deleted boolean NOT NULL,
    area double precision NOT NULL,
    price double precision NOT NULL,
    description text NOT NULL,
    creation_date timestamp with time zone NOT NULL,
    category_id bigint NOT NULL,
    contact_id bigint NOT NULL,
    location_id bigint NOT NULL,
    type_id bigint NOT NULL,
    user_id bigint NOT NULL
);


ALTER TABLE public."gestionAnnonce_annoncement" OWNER TO tp_igl_user;

--
-- Name: gestionAnnonce_annoncement_favorated_by; Type: TABLE; Schema: public; Owner: tp_igl_user
--

CREATE TABLE public."gestionAnnonce_annoncement_favorated_by" (
    id integer NOT NULL,
    annoncement_id bigint NOT NULL,
    user_id bigint NOT NULL
);


ALTER TABLE public."gestionAnnonce_annoncement_favorated_by" OWNER TO tp_igl_user;

--
-- Name: gestionAnnonce_annoncement_favorated_by_id_seq; Type: SEQUENCE; Schema: public; Owner: tp_igl_user
--

ALTER TABLE public."gestionAnnonce_annoncement_favorated_by" ALTER COLUMN id ADD GENERATED BY DEFAULT AS IDENTITY (
    SEQUENCE NAME public."gestionAnnonce_annoncement_favorated_by_id_seq"
    START WITH 1
    INCREMENT BY 1
    NO MINVALUE
    NO MAXVALUE
    CACHE 1
);


--
-- Name: gestionAnnonce_annoncement_id_seq; Type: SEQUENCE; Schema: public; Owner: tp_igl_user
--

ALTER TABLE public."gestionAnnonce_annoncement" ALTER COLUMN id ADD GENERATED BY DEFAULT AS IDENTITY (
    SEQUENCE NAME public."gestionAnnonce_annoncement_id_seq"
    START WITH 1
    INCREMENT BY 1
    NO MINVALUE
    NO MAXVALUE
    CACHE 1
);


--
-- Name: gestionAnnonce_annoncementimage; Type: TABLE; Schema: public; Owner: tp_igl_user
--

CREATE TABLE public."gestionAnnonce_annoncementimage" (
    id bigint NOT NULL,
    image character varying(255) NOT NULL,
    annoncement_id bigint NOT NULL
);


ALTER TABLE public."gestionAnnonce_annoncementimage" OWNER TO tp_igl_user;

--
-- Name: gestionAnnonce_annoncementimage_id_seq; Type: SEQUENCE; Schema: public; Owner: tp_igl_user
--

ALTER TABLE public."gestionAnnonce_annoncementimage" ALTER COLUMN id ADD GENERATED BY DEFAULT AS IDENTITY (
    SEQUENCE NAME public."gestionAnnonce_annoncementimage_id_seq"
    START WITH 1
    INCREMENT BY 1
    NO MINVALUE
    NO MAXVALUE
    CACHE 1
);


--
-- Name: gestionAnnonce_category; Type: TABLE; Schema: public; Owner: tp_igl_user
--

CREATE TABLE public."gestionAnnonce_category" (
    id bigint NOT NULL,
    cat_name character varying(20) NOT NULL
);


ALTER TABLE public."gestionAnnonce_category" OWNER TO tp_igl_user;

--
-- Name: gestionAnnonce_category_id_seq; Type: SEQUENCE; Schema: public; Owner: tp_igl_user
--

ALTER TABLE public."gestionAnnonce_category" ALTER COLUMN id ADD GENERATED BY DEFAULT AS IDENTITY (
    SEQUENCE NAME public."gestionAnnonce_category_id_seq"
    START WITH 1
    INCREMENT BY 1
    NO MINVALUE
    NO MAXVALUE
    CACHE 1
);


--
-- Name: gestionAnnonce_commune; Type: TABLE; Schema: public; Owner: tp_igl_user
--

CREATE TABLE public."gestionAnnonce_commune" (
    id bigint NOT NULL,
    designation character varying(35) NOT NULL,
    wilaya_id bigint NOT NULL
);


ALTER TABLE public."gestionAnnonce_commune" OWNER TO tp_igl_user;

--
-- Name: gestionAnnonce_commune_id_seq; Type: SEQUENCE; Schema: public; Owner: tp_igl_user
--

ALTER TABLE public."gestionAnnonce_commune" ALTER COLUMN id ADD GENERATED BY DEFAULT AS IDENTITY (
    SEQUENCE NAME public."gestionAnnonce_commune_id_seq"
    START WITH 1
    INCREMENT BY 1
    NO MINVALUE
    NO MAXVALUE
    CACHE 1
);


--
-- Name: gestionAnnonce_contact; Type: TABLE; Schema: public; Owner: tp_igl_user
--

CREATE TABLE public."gestionAnnonce_contact" (
    id bigint NOT NULL,
    first_name character varying(35) NOT NULL,
    family_name character varying(35) NOT NULL,
    address character varying(50) NOT NULL,
    phone character varying(31) NOT NULL,
    mail character varying(254) NOT NULL
);


ALTER TABLE public."gestionAnnonce_contact" OWNER TO tp_igl_user;

--
-- Name: gestionAnnonce_contact_id_seq; Type: SEQUENCE; Schema: public; Owner: tp_igl_user
--

ALTER TABLE public."gestionAnnonce_contact" ALTER COLUMN id ADD GENERATED BY DEFAULT AS IDENTITY (
    SEQUENCE NAME public."gestionAnnonce_contact_id_seq"
    START WITH 1
    INCREMENT BY 1
    NO MINVALUE
    NO MAXVALUE
    CACHE 1
);


--
-- Name: gestionAnnonce_location; Type: TABLE; Schema: public; Owner: tp_igl_user
--

CREATE TABLE public."gestionAnnonce_location" (
    id bigint NOT NULL,
    address_id bigint NOT NULL,
    commune_id bigint NOT NULL,
    wilaya_id bigint NOT NULL
);


ALTER TABLE public."gestionAnnonce_location" OWNER TO tp_igl_user;

--
-- Name: gestionAnnonce_location_id_seq; Type: SEQUENCE; Schema: public; Owner: tp_igl_user
--

ALTER TABLE public."gestionAnnonce_location" ALTER COLUMN id ADD GENERATED BY DEFAULT AS IDENTITY (
    SEQUENCE NAME public."gestionAnnonce_location_id_seq"
    START WITH 1
    INCREMENT BY 1
    NO MINVALUE
    NO MAXVALUE
    CACHE 1
);


--
-- Name: gestionAnnonce_messages; Type: TABLE; Schema: public; Owner: tp_igl_user
--

CREATE TABLE public."gestionAnnonce_messages" (
    id bigint NOT NULL,
    content text NOT NULL,
    created_at timestamp with time zone NOT NULL,
    status character varying(15) NOT NULL,
    sent_by_id bigint NOT NULL,
    sent_to_id bigint NOT NULL
);


ALTER TABLE public."gestionAnnonce_messages" OWNER TO tp_igl_user;

--
-- Name: gestionAnnonce_messages_id_seq; Type: SEQUENCE; Schema: public; Owner: tp_igl_user
--

ALTER TABLE public."gestionAnnonce_messages" ALTER COLUMN id ADD GENERATED BY DEFAULT AS IDENTITY (
    SEQUENCE NAME public."gestionAnnonce_messages_id_seq"
    START WITH 1
    INCREMENT BY 1
    NO MINVALUE
    NO MAXVALUE
    CACHE 1
);


--
-- Name: gestionAnnonce_type; Type: TABLE; Schema: public; Owner: tp_igl_user
--

CREATE TABLE public."gestionAnnonce_type" (
    id bigint NOT NULL,
    type_name character varying(20) NOT NULL
);


ALTER TABLE public."gestionAnnonce_type" OWNER TO tp_igl_user;

--
-- Name: gestionAnnonce_type_id_seq; Type: SEQUENCE; Schema: public; Owner: tp_igl_user
--

ALTER TABLE public."gestionAnnonce_type" ALTER COLUMN id ADD GENERATED BY DEFAULT AS IDENTITY (
    SEQUENCE NAME public."gestionAnnonce_type_id_seq"
    START WITH 1
    INCREMENT BY 1
    NO MINVALUE
    NO MAXVALUE
    CACHE 1
);


--
-- Name: gestionAnnonce_user; Type: TABLE; Schema: public; Owner: tp_igl_user
--

CREATE TABLE public."gestionAnnonce_user" (
    id bigint NOT NULL,
    password character varying(128) NOT NULL,
    email character varying(254) NOT NULL,
    family_name character varying(254),
    first_name character varying(254),
    is_staff boolean NOT NULL,
    is_superuser boolean NOT NULL,
    is_active boolean NOT NULL,
    date_joined timestamp with time zone NOT NULL,
    last_login timestamp with time zone,
    image character varying(255) NOT NULL
);


ALTER TABLE public."gestionAnnonce_user" OWNER TO tp_igl_user;

--
-- Name: gestionAnnonce_user_groups; Type: TABLE; Schema: public; Owner: tp_igl_user
--

CREATE TABLE public."gestionAnnonce_user_groups" (
    id integer NOT NULL,
    user_id bigint NOT NULL,
    group_id integer NOT NULL
);


ALTER TABLE public."gestionAnnonce_user_groups" OWNER TO tp_igl_user;

--
-- Name: gestionAnnonce_user_groups_id_seq; Type: SEQUENCE; Schema: public; Owner: tp_igl_user
--

ALTER TABLE public."gestionAnnonce_user_groups" ALTER COLUMN id ADD GENERATED BY DEFAULT AS IDENTITY (
    SEQUENCE NAME public."gestionAnnonce_user_groups_id_seq"
    START WITH 1
    INCREMENT BY 1
    NO MINVALUE
    NO MAXVALUE
    CACHE 1
);


--
-- Name: gestionAnnonce_user_id_seq; Type: SEQUENCE; Schema: public; Owner: tp_igl_user
--

ALTER TABLE public."gestionAnnonce_user" ALTER COLUMN id ADD GENERATED BY DEFAULT AS IDENTITY (
    SEQUENCE NAME public."gestionAnnonce_user_id_seq"
    START WITH 1
    INCREMENT BY 1
    NO MINVALUE
    NO MAXVALUE
    CACHE 1
);


--
-- Name: gestionAnnonce_user_user_permissions; Type: TABLE; Schema: public; Owner: tp_igl_user
--

CREATE TABLE public."gestionAnnonce_user_user_permissions" (
    id integer NOT NULL,
    user_id bigint NOT NULL,
    permission_id integer NOT NULL
);


ALTER TABLE public."gestionAnnonce_user_user_permissions" OWNER TO tp_igl_user;

--
-- Name: gestionAnnonce_user_user_permissions_id_seq; Type: SEQUENCE; Schema: public; Owner: tp_igl_user
--

ALTER TABLE public."gestionAnnonce_user_user_permissions" ALTER COLUMN id ADD GENERATED BY DEFAULT AS IDENTITY (
    SEQUENCE NAME public."gestionAnnonce_user_user_permissions_id_seq"
    START WITH 1
    INCREMENT BY 1
    NO MINVALUE
    NO MAXVALUE
    CACHE 1
);


--
-- Name: gestionAnnonce_wilaya; Type: TABLE; Schema: public; Owner: tp_igl_user
--

CREATE TABLE public."gestionAnnonce_wilaya" (
    id bigint NOT NULL,
    designation character varying(35) NOT NULL
);


ALTER TABLE public."gestionAnnonce_wilaya" OWNER TO tp_igl_user;

--
-- Name: gestionAnnonce_wilaya_id_seq; Type: SEQUENCE; Schema: public; Owner: tp_igl_user
--

ALTER TABLE public."gestionAnnonce_wilaya" ALTER COLUMN id ADD GENERATED BY DEFAULT AS IDENTITY (
    SEQUENCE NAME public."gestionAnnonce_wilaya_id_seq"
    START WITH 1
    INCREMENT BY 1
    NO MINVALUE
    NO MAXVALUE
    CACHE 1
);


--
-- Data for Name: auth_group; Type: TABLE DATA; Schema: public; Owner: tp_igl_user
--

COPY public.auth_group (id, name) FROM stdin;
\.


--
-- Data for Name: auth_group_permissions; Type: TABLE DATA; Schema: public; Owner: tp_igl_user
--

COPY public.auth_group_permissions (id, group_id, permission_id) FROM stdin;
\.


--
-- Data for Name: auth_permission; Type: TABLE DATA; Schema: public; Owner: tp_igl_user
--

COPY public.auth_permission (id, name, content_type_id, codename) FROM stdin;
1	Can add log entry	1	add_logentry
2	Can change log entry	1	change_logentry
3	Can delete log entry	1	delete_logentry
4	Can view log entry	1	view_logentry
5	Can add permission	2	add_permission
6	Can change permission	2	change_permission
7	Can delete permission	2	delete_permission
8	Can view permission	2	view_permission
9	Can add group	3	add_group
10	Can change group	3	change_group
11	Can delete group	3	delete_group
12	Can view group	3	view_group
13	Can add content type	4	add_contenttype
14	Can change content type	4	change_contenttype
15	Can delete content type	4	delete_contenttype
16	Can view content type	4	view_contenttype
17	Can add session	5	add_session
18	Can change session	5	change_session
19	Can delete session	5	delete_session
20	Can view session	5	view_session
21	Can add Token	6	add_token
22	Can change Token	6	change_token
23	Can delete Token	6	delete_token
24	Can view Token	6	view_token
25	Can add token	7	add_tokenproxy
26	Can change token	7	change_tokenproxy
27	Can delete token	7	delete_tokenproxy
28	Can view token	7	view_tokenproxy
29	Can add user	8	add_user
30	Can change user	8	change_user
31	Can delete user	8	delete_user
32	Can view user	8	view_user
33	Can add address	9	add_address
34	Can change address	9	change_address
35	Can delete address	9	delete_address
36	Can view address	9	view_address
37	Can add annoncement	10	add_annoncement
38	Can change annoncement	10	change_annoncement
39	Can delete annoncement	10	delete_annoncement
40	Can view annoncement	10	view_annoncement
41	Can add category	11	add_category
42	Can change category	11	change_category
43	Can delete category	11	delete_category
44	Can view category	11	view_category
45	Can add commune	12	add_commune
46	Can change commune	12	change_commune
47	Can delete commune	12	delete_commune
48	Can view commune	12	view_commune
49	Can add contact	13	add_contact
50	Can change contact	13	change_contact
51	Can delete contact	13	delete_contact
52	Can view contact	13	view_contact
53	Can add type	14	add_type
54	Can change type	14	change_type
55	Can delete type	14	delete_type
56	Can view type	14	view_type
57	Can add wilaya	15	add_wilaya
58	Can change wilaya	15	change_wilaya
59	Can delete wilaya	15	delete_wilaya
60	Can view wilaya	15	view_wilaya
61	Can add messages	16	add_messages
62	Can change messages	16	change_messages
63	Can delete messages	16	delete_messages
64	Can view messages	16	view_messages
65	Can add location	17	add_location
66	Can change location	17	change_location
67	Can delete location	17	delete_location
68	Can view location	17	view_location
69	Can add annoncement image	18	add_annoncementimage
70	Can change annoncement image	18	change_annoncementimage
71	Can delete annoncement image	18	delete_annoncementimage
72	Can view annoncement image	18	view_annoncementimage
\.


--
-- Data for Name: authtoken_token; Type: TABLE DATA; Schema: public; Owner: tp_igl_user
--

COPY public.authtoken_token (key, created, user_id) FROM stdin;
a9f984bd1c15504c5f8c6171e0b5f30201351638	2023-01-09 17:08:06.047737+00	1
7779fdebf1af92139651675ed9d24163233f32a7	2023-01-09 17:33:49.73575+00	2
149b3c6d369a3451345f14c0c31d236dd5176d6d	2023-01-09 19:18:47.259131+00	3
92dacf6ec35703c0543a5bacb56de52af52b80e4	2023-01-10 19:14:24.511658+00	4
6bd9f8fd273dd687f1e1e921bee67b26ca913c20	2023-01-10 19:53:44.754466+00	5
1233e9e575bf2b7fa8989da239c551e485763090	2023-01-10 19:54:55.111725+00	6
\.


--
-- Data for Name: django_admin_log; Type: TABLE DATA; Schema: public; Owner: tp_igl_user
--

COPY public.django_admin_log (id, action_time, object_id, object_repr, action_flag, change_message, content_type_id, user_id) FROM stdin;
1	2023-01-09 17:10:48.634907+00	1	For sale	1	[{"added": {}}]	11	1
2	2023-01-09 17:11:13.005026+00	2	For rent	1	[{"added": {}}]	11	1
3	2023-01-09 17:11:42.274999+00	3	For exchange	1	[{"added": {}}]	11	1
4	2023-01-09 17:12:14.704959+00	4	Rent for vacations	1	[{"added": {}}]	11	1
5	2023-01-09 17:13:25.193937+00	1	Land	1	[{"added": {}}]	14	1
6	2023-01-09 17:13:39.523693+00	2	Farmland	1	[{"added": {}}]	14	1
7	2023-01-09 17:13:56.003925+00	3	Flat	1	[{"added": {}}]	14	1
8	2023-01-09 17:14:17.912543+00	4	House	1	[{"added": {}}]	14	1
9	2023-01-09 17:14:56.822991+00	5	Bungalow	1	[{"added": {}}]	14	1
10	2023-01-15 23:52:43.558304+00	48	A flat2	3		10	1
11	2023-01-15 23:52:43.642476+00	47	A flat2 	3		10	1
12	2023-01-15 23:52:43.732111+00	46	A flat2 	3		10	1
13	2023-01-15 23:52:43.818263+00	45	A flat2 	3		10	1
14	2023-01-15 23:52:43.906528+00	44	A flat2 	3		10	1
15	2023-01-15 23:52:43.985573+00	43	A flat2 	3		10	1
16	2023-01-15 23:52:44.074882+00	42	A flat2 	3		10	1
17	2023-01-15 23:52:44.157775+00	41	A flat2 	3		10	1
18	2023-01-15 23:52:44.23562+00	40	A flat2 	3		10	1
19	2023-01-15 23:52:44.372085+00	39	A flat2 	3		10	1
20	2023-01-15 23:52:44.478565+00	38	A flat2 	3		10	1
21	2023-01-15 23:52:44.606944+00	37	A flat2 	3		10	1
22	2023-01-15 23:52:44.687547+00	36	A flat2 	3		10	1
23	2023-01-15 23:52:44.778121+00	35	A flat2 	3		10	1
24	2023-01-15 23:52:44.876099+00	34	A flat2 	3		10	1
25	2023-01-15 23:52:44.96235+00	33	A flat2 	3		10	1
26	2023-01-15 23:52:45.043664+00	32	A flat2 	3		10	1
27	2023-01-15 23:52:45.138299+00	31	A flat2 	3		10	1
28	2023-01-15 23:52:45.228386+00	30	A flat2 	3		10	1
29	2023-01-15 23:52:45.31132+00	29	A flat2 	3		10	1
30	2023-01-15 23:52:45.402377+00	28	A flat2 	3		10	1
31	2023-01-15 23:52:45.485348+00	27	A flat2 	3		10	1
32	2023-01-15 23:52:45.578591+00	26	A flat2 	3		10	1
33	2023-01-15 23:52:45.658443+00	25	A flat2 	3		10	1
34	2023-01-15 23:52:45.736579+00	24	A flat2 	3		10	1
35	2023-01-15 23:52:45.8306+00	23	A flat2 	3		10	1
36	2023-01-15 23:52:45.92873+00	22	A flat2 	3		10	1
37	2023-01-15 23:52:46.012791+00	21	A flat2 	3		10	1
38	2023-01-15 23:52:46.091699+00	20	A flat2 	3		10	1
39	2023-01-15 23:52:46.174034+00	19	A flat2 	3		10	1
40	2023-01-15 23:52:46.254673+00	18	A flat2 	3		10	1
41	2023-01-15 23:52:46.345279+00	17	A flat2 	3		10	1
42	2023-01-15 23:52:46.421873+00	16	A flat2 	3		10	1
43	2023-01-15 23:52:46.506397+00	15	A flat2 	3		10	1
44	2023-01-15 23:52:46.589082+00	14	A flat2 	3		10	1
45	2023-01-15 23:52:46.68655+00	13	A flat2 	3		10	1
46	2023-01-15 23:52:46.787477+00	12	A flat2 	3		10	1
47	2023-01-15 23:52:46.874128+00	11	A flat2 	3		10	1
48	2023-01-15 23:52:46.966399+00	10	A flat2 	3		10	1
49	2023-01-15 23:52:47.051211+00	9	A flat2 	3		10	1
50	2023-01-15 23:52:47.150244+00	8	A flat2 	3		10	1
51	2023-01-30 20:45:17.962736+00	60	A flat2	3		10	1
52	2023-01-30 20:45:18.044474+00	59	1	3		10	1
53	2023-01-30 20:45:18.163696+00	58	final	3		10	1
54	2023-01-30 20:45:18.248662+00	57	test	3		10	1
55	2023-01-30 20:45:18.325792+00	56	test	3		10	1
56	2023-01-30 20:45:18.416673+00	55	test	3		10	1
57	2023-01-30 20:45:18.508618+00	54	1	3		10	1
58	2023-01-30 20:45:18.585994+00	53	1	3		10	1
59	2023-01-30 20:45:18.671908+00	52	1	3		10	1
60	2023-01-30 20:45:18.748974+00	51	1	3		10	1
61	2023-01-30 20:45:18.826411+00	50	455	3		10	1
62	2023-01-30 20:45:18.918072+00	49	A flat2	3		10	1
63	2023-01-30 20:45:19.001906+00	7	post test	3		10	1
64	2023-01-30 20:45:19.080135+00	6	45445	3		10	1
65	2023-01-31 17:50:27.250397+00	65	A flat2	3		10	1
\.


--
-- Data for Name: django_content_type; Type: TABLE DATA; Schema: public; Owner: tp_igl_user
--

COPY public.django_content_type (id, app_label, model) FROM stdin;
1	admin	logentry
2	auth	permission
3	auth	group
4	contenttypes	contenttype
5	sessions	session
6	authtoken	token
7	authtoken	tokenproxy
8	gestionAnnonce	user
9	gestionAnnonce	address
10	gestionAnnonce	annoncement
11	gestionAnnonce	category
12	gestionAnnonce	commune
13	gestionAnnonce	contact
14	gestionAnnonce	type
15	gestionAnnonce	wilaya
16	gestionAnnonce	messages
17	gestionAnnonce	location
18	gestionAnnonce	annoncementimage
\.


--
-- Data for Name: django_migrations; Type: TABLE DATA; Schema: public; Owner: tp_igl_user
--

COPY public.django_migrations (id, app, name, applied) FROM stdin;
1	contenttypes	0001_initial	2023-01-09 16:56:34.413531+00
2	contenttypes	0002_remove_content_type_name	2023-01-09 16:56:38.213398+00
3	auth	0001_initial	2023-01-09 16:56:54.772741+00
4	auth	0002_alter_permission_name_max_length	2023-01-09 16:56:57.352566+00
5	auth	0003_alter_user_email_max_length	2023-01-09 16:56:59.833593+00
6	auth	0004_alter_user_username_opts	2023-01-09 16:57:03.152941+00
7	auth	0005_alter_user_last_login_null	2023-01-09 16:57:04.663671+00
8	auth	0006_require_contenttypes_0002	2023-01-09 16:57:06.342977+00
9	auth	0007_alter_validators_add_error_messages	2023-01-09 16:57:07.69305+00
10	auth	0008_alter_user_username_max_length	2023-01-09 16:57:09.563023+00
11	auth	0009_alter_user_last_name_max_length	2023-01-09 16:57:10.981711+00
12	auth	0010_alter_group_name_max_length	2023-01-09 16:57:13.393065+00
13	auth	0011_update_proxy_permissions	2023-01-09 16:57:14.7426+00
14	auth	0012_alter_user_first_name_max_length	2023-01-09 16:57:17.142627+00
15	gestionAnnonce	0001_initial	2023-01-09 16:57:43.702273+00
16	admin	0001_initial	2023-01-09 16:57:49.242005+00
17	admin	0002_logentry_remove_auto_add	2023-01-09 16:57:50.812642+00
18	admin	0003_logentry_add_action_flag_choices	2023-01-09 16:57:53.182552+00
19	authtoken	0001_initial	2023-01-09 16:57:55.063056+00
20	authtoken	0002_auto_20160226_1747	2023-01-09 16:57:55.76217+00
21	authtoken	0003_tokenproxy	2023-01-09 16:57:59.74246+00
22	sessions	0001_initial	2023-01-09 16:58:04.822462+00
23	gestionAnnonce	0002_alter_user_image	2023-01-09 18:39:29.43455+00
24	gestionAnnonce	0003_contact_mail	2023-01-14 22:09:09.957158+00
25	gestionAnnonce	0002_alter_annoncementimage_image	2023-01-15 18:30:12.559585+00
\.


--
-- Data for Name: django_session; Type: TABLE DATA; Schema: public; Owner: tp_igl_user
--

COPY public.django_session (session_key, session_data, expire_date) FROM stdin;
owy1b9dwnomhps831lggmqzgnhzqggqs	.eJxVjDkOwjAUBe_iGll2vBFK-pzB-ptwANlSnFSIu0OkFNC-mXkvlWFbS966LHlmdVFWnX43BHpI3QHfod6aplbXZUa9K_qgXU-N5Xk93L-DAr18a0zWRvFgBh_O5BzhGAxJTAaj4cBOOCWTENgbtNaNQOIj2jCQ9zGgen8A0zA3gg:1pEveE:NNTWfmXGSDzQgZEW2vrBM3Tn8Lf8G9938tVCgjLlmAg	2023-01-23 17:09:22.986196+00
wqugff4sacpl7kzm21kq4iu45oqondwr	.eJxVjDkOwjAUBe_iGll2vBFK-pzB-ptwANlSnFSIu0OkFNC-mXkvlWFbS966LHlmdVFWnX43BHpI3QHfod6aplbXZUa9K_qgXU-N5Xk93L-DAr18a0zWRvFgBh_O5BzhGAxJTAaj4cBOOCWTENgbtNaNQOIj2jCQ9zGgen8A0zA3gg:1pGqH6:t3QYiYhMwvrFgIn2o-p48oke_TkTybxH6cCO0IBvovU	2023-01-28 23:49:24.725414+00
v4zy89fcvhgiaxo2e2hgcd5vbzhtxwqa	.eJxVjDkOwjAUBe_iGll2vBFK-pzB-ptwANlSnFSIu0OkFNC-mXkvlWFbS966LHlmdVFWnX43BHpI3QHfod6aplbXZUa9K_qgXU-N5Xk93L-DAr18a0zWRvFgBh_O5BzhGAxJTAaj4cBOOCWTENgbtNaNQOIj2jCQ9zGgen8A0zA3gg:1pMb0s:7FRJTZr5y8bSGFabiQjP-ssQ2QVATmPwuc_YujimHIc	2023-02-13 20:44:26.87435+00
508mhfuj2981q07n6cna0d9ki97x9v79	.eJxVjDkOwjAUBe_iGll2vBFK-pzB-ptwANlSnFSIu0OkFNC-mXkvlWFbS966LHlmdVFWnX43BHpI3QHfod6aplbXZUa9K_qgXU-N5Xk93L-DAr18a0zWRvFgBh_O5BzhGAxJTAaj4cBOOCWTENgbtNaNQOIj2jCQ9zGgen8A0zA3gg:1pMukq:lOjwNoM4Dt6Vd8oKktPnahv3MkSr3VaPU23W6kejEms	2023-02-14 17:49:12.295129+00
\.


--
-- Data for Name: gestionAnnonce_address; Type: TABLE DATA; Schema: public; Owner: tp_igl_user
--

COPY public."gestionAnnonce_address" (id, address, latitude, longitude) FROM stdin;
1	takbou	36.2604900	2.7729848
2	takbou	36.2604900	2.7729848
3	takbou	36.2604900	2.7729848
4	takbou	36.2604900	2.7729848
5	takbou	36.2604900	2.7729848
6	54545	46.1301782	-89.8404226
7	test	33.9793699	50.6835136
8	takbou	36.2604900	2.7729848
9	takbou	36.2604900	2.7729848
10	takbou	36.2604900	2.7729848
11	takbou	36.2604900	2.7729848
12	takbou	36.2604900	2.7729848
13	takbou	36.2604900	2.7729848
14	takbou	36.2604900	2.7729848
15	takbou	36.2604900	2.7729848
16	takbou	36.2604900	2.7729848
17	takbou	36.2604900	2.7729848
18	takbou	36.2604900	2.7729848
19	takbou	36.2604900	2.7729848
20	takbou	36.2604900	2.7729848
21	takbou	36.2604900	2.7729848
22	takbou	36.2604900	2.7729848
23	takbou	36.2604900	2.7729848
24	takbou	36.2604900	2.7729848
25	takbou	36.2604900	2.7729848
26	takbou	36.2604900	2.7729848
27	takbou	36.2604900	2.7729848
28	takbou	36.2604900	2.7729848
29	takbou	36.2604900	2.7729848
30	takbou	36.2604900	2.7729848
31	takbou	36.2604900	2.7729848
32	takbou	36.2604900	2.7729848
33	takbou	36.2604900	2.7729848
34	takbou	36.2604900	2.7729848
35	takbou	36.2604900	2.7729848
36	takbou	36.2604900	2.7729848
37	takbou	36.2604900	2.7729848
38	takbou	36.2604900	2.7729848
39	takbou	36.2604900	2.7729848
40	takbou	36.2604900	2.7729848
41	takbou	36.2604900	2.7729848
42	takbou	36.2604900	2.7729848
43	takbou	36.2604900	2.7729848
44	takbou	36.2604900	2.7729848
45	takbou	36.2604900	2.7729848
46	takbou	36.2604900	2.7729848
47	takbou	36.2604900	2.7729848
48	takbou	36.2604900	2.7729848
49	takbou	36.2604900	2.7729848
50	3232	47.8288163	19.9686909
51	3	39.5482480	-91.1536280
52	5115	60.4614721	5.3318267
53	5115	60.4614721	5.3318267
54	5115	60.4614721	5.3318267
55	test	33.9793699	50.6835136
56	454	52.3556190	4.8617983
57	454	52.3556190	4.8617983
58	final	21.0481740	-89.3393381
59	1	-6.4107954	30.9820384
60	takbou	36.2604900	2.7729848
61	takbou	36.2604900	2.7729848
62	takbou	36.2604900	2.7729848
63	1	-6.4107954	30.9820384
64	takbou	36.2604900	2.7729848
65	takbou	36.2604900	2.7729848
66	takbou	36.2604900	2.7729848
\.


--
-- Data for Name: gestionAnnonce_annoncement; Type: TABLE DATA; Schema: public; Owner: tp_igl_user
--

COPY public."gestionAnnonce_annoncement" (id, title, deleted, area, price, description, creation_date, category_id, contact_id, location_id, type_id, user_id) FROM stdin;
61	Test	f	1	7000000	Has 2 rooms, near shops and schools.	2023-01-31 16:39:05.174871+00	3	74	61	1	1
2	A flat2	t	1	7000000	Has 2 rooms, near shops and schools.	2023-01-09 18:10:41.669793+00	3	2	2	1	1
1	A flat1	f	2	7000000	Has 2 rooms, near shops and schools.	2023-01-09 17:40:32.589453+00	3	1	1	2	1
3	A flat2	f	1	7000000	Has 2 rooms, near shops and schools.	2023-01-14 23:25:19.757148+00	3	12	3	1	1
4	A flat2	f	1	7000000	Has 2 rooms, near shops and schools.	2023-01-14 23:26:43.459536+00	3	14	4	1	1
5	A flat2	f	1	7000000	Has 2 rooms, near shops and schools.	2023-01-14 22:33:16.736468+00	3	15	5	1	1
62	Test	f	1	7000000	Has 2 rooms, near shops and schools.	2023-01-31 16:39:27.469447+00	3	75	62	1	1
63	1	f	1	1	1	2023-01-31 16:42:22.072431+00	1	76	63	1	4
64	A flat2	f	1	7000000	Has 2 rooms, near shops and schools.	2023-01-31 17:44:35.56948+00	3	77	64	1	1
66	A flat2	f	1	7000000	Has 2 rooms, near shops and schools.	2023-01-31 17:52:21.896879+00	3	79	66	1	1
\.


--
-- Data for Name: gestionAnnonce_annoncement_favorated_by; Type: TABLE DATA; Schema: public; Owner: tp_igl_user
--

COPY public."gestionAnnonce_annoncement_favorated_by" (id, annoncement_id, user_id) FROM stdin;
1	1	1
\.


--
-- Data for Name: gestionAnnonce_annoncementimage; Type: TABLE DATA; Schema: public; Owner: tp_igl_user
--

COPY public."gestionAnnonce_annoncementimage" (id, image, annoncement_id) FROM stdin;
1	https://st2.depositphotos.com/1007373/5523/i/950/depositphotos_55232293-stock-photo-apartment-interior.jpg	1
2	https://thumbs.dreamstime.com/b/empty-living-new-apartment-21305504.jpg	1
3	https://st2.depositphotos.com/1007373/5523/i/950/depositphotos_55232293-stock-photo-apartment-interior.jpg	2
4	https://thumbs.dreamstime.com/b/empty-living-new-apartment-21305504.jpg	2
5	https://st2.depositphotos.com/1007373/5523/i/950/depositphotos_55232293-stock-photo-apartment-interior.jpg	3
6	https://thumbs.dreamstime.com/b/empty-living-new-apartment-21305504.jpg	3
7	https://st2.depositphotos.com/1007373/5523/i/950/depositphotos_55232293-stock-photo-apartment-interior.jpg	4
8	https://thumbs.dreamstime.com/b/empty-living-new-apartment-21305504.jpg	4
9	https://st2.depositphotos.com/1007373/5523/i/950/depositphotos_55232293-stock-photo-apartment-interior.jpg	5
10	https://thumbs.dreamstime.com/b/empty-living-new-apartment-21305504.jpg	5
35	media/images/2020-10-08-image-13_-_Copie_v5kqhl	62
38	media/images/téléchargement_1_d47oyf	66
39	media/images/téléchargement_h8cgnz	66
\.


--
-- Data for Name: gestionAnnonce_category; Type: TABLE DATA; Schema: public; Owner: tp_igl_user
--

COPY public."gestionAnnonce_category" (id, cat_name) FROM stdin;
1	For sale
2	For rent
3	For exchange
4	Rent for vacations
\.


--
-- Data for Name: gestionAnnonce_commune; Type: TABLE DATA; Schema: public; Owner: tp_igl_user
--

COPY public."gestionAnnonce_commune" (id, designation, wilaya_id) FROM stdin;
1	Timekten	1
2	Bouda	1
3	Ouled Ahmed Timmi	1
4	Adrar	1
5	Fenoughil	1
6	In Zghmir	1
7	Reggane	1
8	Sali	1
9	Sebaa	1
10	Tsabit	1
11	Tamest	1
12	Tamantit	1
13	Tit	1
14	Zaouiet Kounta	1
15	Akabli	1
16	Aoulef	1
17	Talassa	2
18	Zeboudja	2
19	El Hadjadj	2
20	Ouled Ben Abdelkader	2
21	Ain Merane	2
22	Breira	2
23	Ouled Abbes	2
24	Oued Fodda	2
25	Beni Rached	2
26	Herenfa	2
27	Tadjena	2
28	El Marsa	2
29	Chlef	2
30	Oum Drou	2
31	Sendjas	2
32	Sidi Abderrahmane	2
33	Sidi Akkacha	2
34	Tenes	2
35	Beni  Bouattab	2
36	El Karimia	2
37	Harchoun	2
38	Bouzeghaia	2
39	Taougrit	2
41	Beni Haoua	2
42	Abou El Hassane	2
43	Oued Goussine	2
44	Chettia	2
45	Moussadek	2
46	Ouled Fares	2
47	Boukadir	2
48	Oued Sly	2
49	Sobha	2
50	Benairia	2
51	Labiod Medjadja	2
52	Dahra	2
53	El Beidha	3
54	Gueltat Sidi Saad	3
55	Brida	3
56	Ain Sidi Ali	3
57	Tadjemout	3
58	Hadj Mechri	3
59	Taouiala	3
60	El Ghicha	3
61	Tadjrouna	3
62	Sebgag	3
63	Sidi Bouzid	3
64	Oued Morra	3
65	Laghouat	3
66	Oued M'zi	3
67	Ksar El Hirane	3
68	El Assafia	3
69	Sidi Makhlouf	3
70	Hassi Delaa	3
71	Hassi R'mel	3
72	Ain Madhi	3
73	El Haouaita	3
74	Kheneg	3
75	Benacer Benchohra	3
76	Aflou	3
77	Fkirina	4
78	El Fedjoudj Boughrara Sa	4
79	Ain Fekroun	4
80	Rahia	4
81	Meskiana	4
82	El Belala	4
83	Behir Chergui	4
84	Ksar Sbahi	4
85	Souk Naamane	4
86	Ouled Zouai	4
87	Oum El Bouaghi	4
88	Ain Babouche	4
89	Ain Zitoun	4
90	Bir Chouhada	4
91	Ain Beida	4
92	Berriche	4
93	Zorg	4
94	Ain M'lila	4
95	Ouled Gacem	4
96	Ouled Hamla	4
97	El Amiria	4
98	Sigus	4
99	Oued Nini	4
100	Ain Diss	4
101	Dhalaa	4
102	El Djazia	4
103	Ain Kercha	4
104	El Harmilia	4
105	Hanchir Toumghani	4
106	Maafa	5
107	Gosbat	5
108	Timgad	5
109	Taxlent	5
110	Ouled Si Slimane	5
111	Lemcene	5
112	Talkhamt	5
113	Ras El Aioun	5
114	Rahbat	5
115	Ouled Sellem	5
116	Guigba	5
117	Teniet El Abed	5
118	Batna	5
119	Fesdis	5
120	Oued Chaaba	5
121	Hidoussa	5
122	Ksar Bellezma	5
123	Merouana	5
124	Oued El Ma	5
125	Lazrou	5
126	Seriana	5
127	Zanet El Beida	5
128	Menaa	5
129	Tigharghar	5
130	Ain Yagout	5
131	Boumia	5
132	Djerma	5
133	El Madher	5
134	Ouyoun El Assafir	5
135	Tazoult	5
136	Boumagueur	5
137	N Gaous	5
138	Sefiane	5
139	Arris	5
140	Tighanimine	5
141	Ain Djasser	5
142	El Hassi	5
143	Seggana	5
144	Tilatou	5
145	Foum Toub	5
146	Ichemoul	5
147	Inoughissen	5
148	Bouzina	5
149	Larbaa	5
150	Boulhilat	5
151	Chemora	5
152	Barika	5
153	Bitam	5
154	M Doukal	5
155	Azil Abedelkader	5
156	Djezzar	5
157	Ouled Ammar	5
158	Ghassira	5
159	Kimmel	5
160	T Kout	5
161	Ain Touta	5
162	Beni Foudhala El Hakania	5
163	Ouled Fadel	5
164	Ouled Aouf	5
165	Chir	5
166	Oued Taga	5
167	Sidi Ayad	6
168	Barbacha	6
169	Leflaye	6
170	Kendira	6
171	Sidi-Aich	6
172	Tifra	6
173	Tinebdar	6
174	El Kseur	6
175	Fenaia Il Maten	6
176	Toudja	6
177	Dra El Caid	6
178	Kherrata	6
179	Bejaia	6
180	Oued Ghir	6
181	Benimaouche	6
182	Beni Djellil	6
183	Feraoun	6
184	Smaoun	6
185	Timezrit	6
186	Melbou	6
187	Souk El Tenine	6
188	Tamridjet	6
189	Boukhelifa	6
190	Tala Hamza	6
191	Tichy	6
192	Ait R'zine	6
193	Ighil-Ali	6
194	Ait-Smail	6
195	Darguina	6
196	Taskriout	6
197	Aokas	6
198	Tizi-N'berber	6
199	Adekar	6
200	Beni K'sila	6
201	Taourit Ighil	6
202	Akbou	6
203	Chellata	6
204	Ighram	6
205	Tamokra	6
206	Amalou	6
207	Bouhamza	6
208	M'cisna	6
209	Seddouk	6
210	Beni-Mallikeche	6
211	Boudjellil	6
212	Tazmalt	6
213	Akfadou	6
214	Chemini	6
215	Souk Oufella	6
216	Tibane	6
217	Ouzellaguen	6
218	Amizour	6
219	El Feidh	7
220	Lichana	7
221	Bouchakroun	7
222	Mekhadma	7
223	Djemorah	7
224	Branis	7
225	El Outaya	7
226	El Kantara	7
227	Khenguet Sidi Nadji	7
228	Ain Zaatout	7
229	Zeribet El Oued	7
230	Meziraa	7
231	Biskra	7
232	El Hadjab	7
233	M'lili	7
234	Foughala	7
235	El Ghrous	7
236	Bordj Ben Azzouz	7
237	Ourlal	7
238	Oumache	7
239	Ain Naga	7
240	Chetma	7
241	El Haouch	7
242	Sidi Okba	7
243	M'chouneche	7
244	Lioua	7
245	Tolga	7
246	Bechar	8
247	Boukais	8
248	Lahmar	8
249	Mogheul	8
250	Meridja	8
251	Taghit	8
252	Abadla	8
253	Erg-Ferradj	8
254	Machraa-Houari-Boumediene	8
255	Beni-Ounif	8
256	Tabelbala	8
257	Kenadsa	8
258	Beni Mered	9
259	Ouled Slama	9
260	Mouzaia	9
261	Hammam Elouane	9
262	Bougara	9
263	Souhane	9
264	Larbaa	9
265	Soumaa	9
266	Guerrouaou	9
267	Boufarik	9
268	Meftah	9
269	Chiffa	9
270	Ain Romana	9
271	Oued  Djer	9
272	El-Affroun	9
273	Ouled Yaich	9
274	Chrea	9
275	Djebabra	9
276	Oued El Alleug	9
277	Benkhelil	9
278	Beni-Tamou	9
279	Chebli	9
280	Bouinan	9
281	Bouarfa	9
282	Blida	9
283	Ain Laloui	10
284	Hadjera Zerga	10
285	Mezdour	10
286	Taguedite	10
287	Ridane	10
288	Maamora	10
289	El-Hakimia	10
290	Ahl El Ksar	10
291	Dirah	10
292	Dechmia	10
293	Bechloul	10
294	Ath Mansour	10
295	Saharidj	10
296	El Adjiba	10
297	El Asnam	10
298	M Chedallah	10
299	Bordj Okhriss	10
300	Sour El Ghozlane	10
301	Hanif	10
302	Chorfa	10
303	Ouled Rached	10
304	Ain El Hadjar	10
305	Aghbalou	10
306	Raouraoua	10
307	El Khabouzia	10
308	Bir Ghbalou	10
309	Bouira	10
310	Ain Turk	10
311	Ait Laaziz	10
312	Ain-Bessem	10
313	El-Mokrani	10
314	Souk El Khemis	10
315	Aomar	10
316	Djebahia	10
317	El Hachimia	10
318	Haizer	10
319	Taghzout	10
320	Bouderbala	10
321	Boukram	10
322	Guerrouma	10
323	Lakhdaria	10
324	Maala	10
325	Kadiria	10
326	Z'barbar (El Isseri )	10
327	Oued El Berdi	10
328	Tazrouk	11
329	Abelsa	11
330	Tamanrasset	11
331	Ain Amguel	11
332	Idles	11
333	El-Houidjbet	12
334	El-Aouinet	12
335	Ferkane	12
336	Negrine	12
337	Bir Mokkadem	12
338	Bir Dheheb	12
339	Saf Saf El Ouesra	12
340	Guorriguer	12
341	Bekkaria	12
342	Boulhaf Dyr	12
343	Oum Ali	12
344	Boukhadra	12
345	El Malabiod	12
346	Ouenza	12
347	El Meridj	12
348	Ain Zerga	12
349	Stah Guentis	12
350	El Ogla	12
351	El Mezeraa	12
352	Bedjene	12
353	Morsott	12
354	Telidjen	12
355	Cheria	12
356	El Ogla El Malha	12
357	Bir-El-Ater	12
358	Tebessa	12
359	Hammamet	12
360	El Kouif	12
361	Bab El Assa	13
362	Terny Beni Hediel	13
363	Mansourah	13
364	Beni Mester	13
365	Ain Ghoraba	13
366	Chetouane	13
367	Amieur	13
368	Ain Fezza	13
369	Honnaine	13
370	Beni Khellad	13
371	Sidi Djillali	13
372	Bouihi	13
373	Nedroma	13
374	M'sirda Fouaga	13
375	Marsa Ben M'hidi	13
376	Sidi Medjahed	13
377	Beni Boussaid	13
378	Sebdou	13
379	El Gor	13
380	El Aricha	13
381	Bouhlou	13
382	Maghnia	13
383	Hammam Boughrara	13
384	Zenata	13
385	Ouled Riyah	13
386	Hennaya	13
387	Sidi Abdelli	13
388	Souk Tleta	13
389	Bensekrane	13
390	Fellaoucene	13
391	Ain Kebira	13
392	Ain Fetah	13
393	Tlemcen	13
394	Ain Nehala	13
395	Ain Tellout	13
396	Ain Youcef	13
397	Beni Ouarsous	13
398	El Fehoul	13
399	Remchi	13
400	Sebbaa Chioukh	13
401	Souani	13
402	Sabra	13
403	Dar Yaghmoracen	13
404	Ghazaouet	13
405	Souahlia	13
406	Tianet	13
407	Beni Smiel	13
408	Oued Lakhdar	13
409	Ouled Mimoun	13
410	Beni Bahdel	13
411	Beni Snous	13
412	Azail	13
413	Djebala	13
414	Mahdia	14
415	Ain Dzarit	14
416	Sebaine	14
417	Faidja	14
418	Si Abdelghani	14
419	Sougueur	14
420	Tousnina	14
421	Meghila	14
422	Sebt	14
423	Sidi Hosni	14
424	Ain El Hadid	14
425	Frenda	14
426	Takhemaret	14
427	Ain Kermes	14
428	Djebilet Rosfa	14
429	Madna	14
430	Medrissa	14
431	Sidi Abderrahmane	14
432	Ksar Chellala	14
433	Guertoufa	14
434	Serghine	14
435	Zmalet El Emir Abdelkade	14
436	Oued Lilli	14
437	Sidi Ali Mellal	14
438	Djillali Ben Amar	14
439	Mechraa Safa	14
440	Tagdempt	14
441	Bougara	14
442	Hamadia	14
443	Rechaiga	14
444	Tidda	14
445	Nadorah	14
446	Tiaret	14
447	Medroussa	14
448	Mellakou	14
449	Sidi Bakhti	14
450	Ain Deheb	14
451	Chehaima	14
452	Naima	14
453	Ain Bouchekif	14
454	Dahmouni	14
455	Rahouia	14
456	Mizrana	15
457	Idjeur	15
458	Beni-Douala	15
459	Beni-Zikki	15
460	Illoula Oumalou	15
461	Agouni-Gueghrane	15
462	Ait Bouaddou	15
463	Ouadhias	15
464	Tizi N'tleta	15
465	Aghribs	15
466	Ait-Chafaa	15
467	Akerrou	15
468	Azeffoun	15
469	Iflissen	15
470	Tigzirt	15
471	Assi-Youcef	15
472	Boghni	15
473	Bounouh	15
474	Mechtras	15
475	Draa-Ben-Khedda	15
476	Sidi Namane	15
477	Tadmait	15
478	Tirmitine	15
479	Ait Boumahdi	15
480	Ait-Toudert	15
481	Beni-Aissi	15
482	Ouacif	15
483	Ait Khellili	15
484	Mekla	15
485	Souama	15
486	Beni-Yenni	15
487	Iboudrarene	15
488	Tizi-Ouzou	15
489	Abi-Youcef	15
490	Ain-El-Hammam	15
491	Ait-Yahia	15
492	Akbil	15
493	Boudjima	15
494	Makouda	15
495	Ain-Zaouia	15
496	Ait Yahia Moussa	15
497	Draa-El-Mizan	15
498	Frikat	15
499	M'kira	15
500	Tizi-Gheniff	15
501	Yatafene	15
502	Illilten	15
503	Imsouhal	15
504	Azazga	15
505	Freha	15
506	Ifigha	15
507	Yakourene	15
508	Zekri	15
509	Ait Aggouacha	15
510	Irdjen	15
511	Larbaa Nath Irathen	15
512	Ait-Oumalou	15
513	Tizi-Rached	15
514	Ait-Aissa-Mimoun	15
515	Ouaguenoun	15
516	Timizart	15
517	Maatkas	15
518	Souk-El-Tenine	15
519	Ait-Mahmoud	15
520	Beni Zmenzer	15
521	Iferhounene	15
522	Bouzeguene	15
523	Hussein Dey	16
524	Les Eucalyptus	16
525	Sidi Moussa	16
526	Kouba	16
527	Mohamed Belouzdad	16
528	Ain Taya	16
529	Bab Ezzouar	16
530	Bordj El Kiffan	16
531	Dar El Beida	16
532	El Marsa	16
533	Mohammadia	16
534	Bir Touta	16
535	Ouled Chebel	16
536	Tessala El Merdja	16
537	Herraoua	16
538	Reghaia	16
539	Rouiba	16
540	Maalma	16
541	Rahmania	16
542	Souidania	16
543	Staoueli	16
544	Zeralda	16
545	Baba Hassen	16
546	Douira	16
547	Draria	16
548	El Achour	16
549	Khraissia	16
550	Ain Benian	16
551	Cheraga	16
552	Dely Ibrahim	16
553	Hammamet	16
554	Ouled Fayet	16
555	Alger Centre	16
556	El Madania	16
557	El Mouradia	16
558	Sidi M'hamed	16
559	Sehaoula	16
560	Bologhine Ibnou Ziri	16
561	Casbah	16
562	Oued Koriche	16
563	Rais Hamidou	16
564	Bir Mourad Rais	16
565	Birkhadem	16
566	Djasr Kasentina	16
567	Hydra	16
568	El Magharia	16
569	Ben Aknoun	16
570	Beni Messous	16
571	Bouzareah	16
572	El Biar	16
573	Bachedjerah	16
574	Bourouba	16
575	El Harrach	16
576	Oued Smar	16
577	Baraki	16
578	Bordj El Bahri	16
579	Bab El Oued	16
580	Hassi El Euch	17
581	Ain El Ibel	17
582	El Guedid	17
583	Charef	17
584	Benyagoub	17
585	Sidi Baizid	17
586	M'liliha	17
587	Dar Chioukh	17
588	Taadmit	17
589	Had Sahary	17
590	Bouira Lahdab	17
591	Ain Fekka	17
592	Sidi Laadjel	17
593	Hassi Fedoul	17
594	El Khemis	17
595	Selmana	17
596	Sed Rahal	17
597	Messaad	17
598	Guettara	17
599	Deldoul	17
600	Zaccar	17
601	Douis	17
602	El Idrissia	17
603	Ain Chouhada	17
604	Djelfa	17
605	Birine	17
606	Oum Laadham	17
607	Faidh El Botma	17
608	Amourah	17
609	Zaafrane	17
610	Guernini	17
611	Ain Oussera	17
612	Benhar	17
613	Ain Maabed	17
614	Hassi Bahbah	17
615	Moudjebara	17
616	Jijel	18
617	El Aouana	18
618	Selma Benziada	18
619	Erraguene Souissi	18
620	Boussif Ouled Askeur	18
621	Ziama Mansouriah	18
622	Chahna	18
623	Emir Abdelkader	18
624	Oudjana	18
625	Taher	18
626	Chekfa	18
627	El Kennar Nouchfi	18
628	Sidi Abdelaziz	18
629	El Milia	18
630	Ouled Yahia Khadrouch	18
631	Ouled Rabah	18
632	Sidi Marouf	18
633	Ghebala	18
634	Settara	18
635	Bouraoui Belhadef	18
636	El Ancer	18
637	Khiri Oued Adjoul	18
638	Djimla	18
639	Kaous	18
640	Texenna	18
641	Bordj T'har	18
642	Boudria Beniyadjis	18
643	Djemaa Beni Habibi	18
644	Rosfa	19
645	Oued El Bared	19
646	Tizi N'bechar	19
647	Mezloug	19
648	Guellal	19
649	Kasr El Abtal	19
650	Ouled Si Ahmed	19
651	Ait Naoual Mezada	19
652	Ait-Tizi	19
653	Bouandas	19
654	Bousselam	19
655	Hamam Soukhna	19
656	Taya	19
657	Tella	19
658	Ain Oulmene	19
659	Boutaleb	19
660	Hamma	19
661	Ouled Tebben	19
662	Amoucha	19
663	Salah Bey	19
664	Ain Azel	19
665	Ain Lahdjar	19
666	Beidha Bordj	19
667	Bir Haddada	19
668	Guenzet	19
669	Harbil	19
670	Ain-Roua	19
671	Beni Oussine	19
672	El Ouricia	19
673	Bougaa	19
674	Draa-Kebila	19
675	Hammam Guergour	19
676	Setif	19
677	Ain El Kebira	19
678	Dehamcha	19
679	Ouled Addouane	19
680	Ain-Sebt	19
681	Beni-Aziz	19
682	Maaouia	19
683	Bellaa	19
684	Bir-El-Arch	19
685	El-Ouldja	19
686	Tachouda	19
687	Tala-Ifacene	19
688	Serdj-El-Ghoul	19
689	Guidjel	19
690	Ouled Sabor	19
691	Bazer-Sakra	19
692	El Eulma	19
693	Guelta Zerka	19
694	Beni Fouda	19
695	Djemila	19
696	Ain-Legradj	19
697	Beni Chebana	19
698	Beni Ourtilane	19
699	Beni-Mouhli	19
700	Ain Abessa	19
701	Ain Arnat	19
702	Babor	19
703	Maouaklane	19
704	Saida	20
705	Tircine	20
706	Ouled Brahim	20
707	Ain Soltane	20
708	Maamora	20
709	El Hassasna	20
710	Ain Sekhouna	20
711	Sidi Boubekeur	20
712	Ouled Khaled	20
713	Hounet	20
714	Youb	20
715	Doui Thabet	20
716	Sidi Ahmed	20
717	Moulay Larbi	20
718	Ain El Hadjar	20
719	Sidi Amar	20
720	Ain Bouziane	21
721	Salah Bouchaour	21
722	El Hadaiek	21
723	Zerdezas	21
724	Ouled Habbaba	21
725	Beni Oulbane	21
726	Sidi Mezghiche	21
727	Beni Bechir	21
728	Ramdane Djamel	21
729	Bin El Ouiden	21
730	Emjez Edchich	21
731	Tamalous	21
732	Ain Kechra	21
733	Ouldja Boulbalout	21
734	Oum Toub	21
735	El Ghedir	21
736	Kerkara	21
737	El Arrouch	21
738	Zitouna	21
739	Ouled Attia	21
740	Oued Zhour	21
741	Collo	21
742	Cheraia	21
743	Beni Zid	21
744	Khenag Maoune	21
745	El Marsa	21
746	Ben Azzouz	21
747	Bekkouche Lakhdar	21
748	Es Sebt	21
749	Ain Charchar	21
750	Azzaba	21
751	Bouchetata	21
752	Filfila	21
753	Hammadi Krouma	21
754	Skikda	21
755	Ain Zouit	21
756	Djendel Saadi Mohamed	21
757	Kanoua	21
758	Sidi Ali Benyoub	22
759	Moulay Slissen	22
760	El Hacaiba	22
761	Ain Tindamine	22
762	Tenira	22
763	Oued Sefioun	22
764	Hassi Dahou	22
765	Oued Taourira	22
766	Benachiba Chelia	22
767	Sidi Yacoub	22
768	Sidi Lahcene	22
769	Sidi Khaled	22
770	Tabia	22
771	Sidi Brahim	22
772	Amarnas	22
773	Boukhanefis	22
774	Hassi Zahana	22
775	Chetouane Belaila	22
776	Ben Badis	22
777	Bedrabine El Mokrani	22
778	Sfisef	22
779	M'cid	22
780	Boudjebaa El Bordj	22
781	Ain- Adden	22
782	Sidi Hamadouche	22
783	Sidi Chaib	22
784	Makedra	22
785	Ain El Berd	22
786	Redjem Demouche	22
787	Ras El Ma	22
788	Oued Sebaa	22
789	Marhoum	22
790	Sidi Bel-Abbes	22
791	Ain Thrid	22
792	Sehala Thaoura	22
793	Tessala	22
794	Belarbi	22
795	Mostefa  Ben Brahim	22
796	Tilmouni	22
797	Zerouala	22
798	Dhaya	22
799	Mezaourou	22
800	Teghalimet	22
801	Telagh	22
802	Ain Kada	22
803	Lamtar	22
804	Sidi Ali Boussidi	22
805	Sidi Dahou Zairs	22
806	Bir El Hammam	22
807	Merine	22
808	Tefessour	22
809	Taoudmout	22
810	Annaba	23
811	Seraidi	23
812	Berrahal	23
813	Oued El Aneb	23
814	El Hadjar	23
815	Sidi Amar	23
816	El Bouni	23
817	Ain El Berda	23
818	Cheurfa	23
819	El Eulma	23
820	Treat	23
821	Chetaibi	23
822	Nechmaya	24
823	Bou Hamdane	24
824	Hammam Debagh	24
825	Roknia	24
826	Dahouara	24
827	Hammam N'bail	24
828	Guelma	24
829	Boumahra Ahmed	24
830	Ain Ben Beida	24
831	Bouchegouf	24
832	Medjez Sfa	24
833	Oued Ferragha	24
834	Bouati Mahmoud	24
835	El Fedjoudj	24
836	Heliopolis	24
837	Medjez Amar	24
838	Houari Boumedienne	24
839	Ras El Agba	24
840	Sellaoua Announa	24
841	Djeballah Khemissi	24
842	Bordj Sabath	24
843	Oued Zenati	24
844	Ain Regada	24
845	Ain Larbi	24
846	Ain Makhlouf	24
847	Tamlouka	24
848	Ain Sandel	24
849	Bou Hachana	24
850	Khezaras	24
851	Belkheir	24
852	Beni Mezline	24
853	Guelaat Bou Sbaa	24
854	Oued Cheham	24
855	Bendjarah	24
856	Didouche Mourad	25
857	Hamma Bouziane	25
858	Beni Hamidane	25
859	Zighoud Youcef	25
860	Ain Smara	25
861	El Khroub	25
862	Ouled Rahmoun	25
863	Ain Abid	25
864	Ben Badis	25
865	Ibn Ziad	25
866	Messaoud Boudjeriou	25
867	Constantine	25
868	Ouled Hellal	26
869	Souagui	26
870	Ksar El Boukhari	26
871	M'fatha	26
872	Saneg	26
873	El Azizia	26
874	Maghraoua	26
875	Mihoub	26
876	Bouaiche	26
877	Boughzoul	26
878	Chabounia	26
879	Hannacha	26
880	Ouamri	26
881	Oued Harbil	26
882	Beni Slimane	26
883	Bouaichoune	26
884	Ouled Bouachra	26
885	Si Mahdjoub	26
886	Bouskene	26
887	Sidi Rabie	26
888	Berrouaghia	26
889	Ouled Deid	26
890	Rebaia	26
891	Medjebar	26
892	Tletat Ed Douair	26
893	Zoubiria	26
894	Aissaouia	26
895	El Haoudane	26
896	Mezerana	26
897	Tablat	26
898	Boghar	26
899	Seghouane	26
900	Draa Esmar	26
901	Medea	26
902	Tamesguida	26
903	Ben Chicao	26
904	El Hamdania	26
905	Ouzera	26
906	Tizi Mahdi	26
907	Ain Boucif	26
908	El Ouinet	26
909	Kef Lakhdar	26
910	Ouled Emaaraf	26
911	Sidi Demed	26
912	Baata	26
913	El Omaria	26
914	Ouled Brahim	26
915	Bir Ben Laabed	26
916	El Guelbelkebir	26
917	Sedraya	26
918	Ain Ouksir	26
919	Chelalet El Adhaoura	26
920	Cheniguel	26
921	Tafraout	26
922	Bouchrahil	26
923	Khams Djouamaa	26
924	Sidi Naamane	26
925	Aziz	26
926	Derrag	26
927	Oum El Djellil	26
928	Djouab	26
929	Sidi Zahar	26
930	Sidi Ziane	26
931	Ouled Antar	26
932	Fornaka	27
933	Oued El Kheir	27
934	Hassiane	27
935	Hassi Mameche	27
936	Mazagran	27
937	Stidia	27
938	Ain-Tedles	27
939	Sidi Belaattar	27
940	Sour	27
941	Ain-Boudinar	27
942	Kheir-Eddine	27
943	Sayada	27
944	Sidi Ali	27
945	Tazgait	27
946	Benabdelmalek Ramdane	27
947	Mostaganem	27
948	Hadjadj	27
949	Sidi-Lakhdar	27
950	Achaacha	27
951	Khadra	27
952	Nekmaria	27
953	Ouled Boughalem	27
954	Bouguirat	27
955	Safsaf	27
956	Sirat	27
957	Souaflia	27
958	Ain-Sidi Cherif	27
959	Mansourah	27
960	Mesra	27
961	Touahria	27
962	Ain-Nouissy	27
963	Ouled-Maalah	27
964	Chellal	28
965	Ouled Madhi	28
966	Khettouti Sed-El-Jir	28
967	Belaiba	28
968	Berhoum	28
969	Dehahna	28
970	Magra	28
971	Beni Ilmane	28
972	Bouti Sayeh	28
973	Sidi Aissa	28
974	Ain El Hadjel	28
975	Sidi Hadjeres	28
976	Bou Saada	28
977	El Hamel	28
978	Oulteme	28
979	Benzouh	28
980	Ouled Sidi Brahim	28
981	Sidi Ameur	28
982	Tamsa	28
983	Ben Srour	28
984	Mohamed Boudiaf	28
985	Ouled Slimane	28
986	Zarzour	28
987	Ain El Melh	28
988	Ain Fares	28
989	Ain Rich	28
990	Bir Foda	28
991	Sidi M'hamed	28
992	Medjedel	28
993	Menaa	28
994	Djebel Messaad	28
995	Slim	28
996	M'sila	28
997	Hammam Dalaa	28
998	Ouanougha	28
999	Ouled Mansour	28
1000	Tarmount	28
1001	Maadid	28
1002	M'tarfa	28
1003	Maarif	28
1004	Ouled Derradj	28
1005	Souamaa	28
1006	El Houamed	28
1007	Khoubana	28
1008	M'cif	28
1009	Ain Khadra	28
1010	Ouled Addi Guebala	28
1011	Oued El Abtal	29
1012	Sidi Abdelmoumene	29
1013	Sedjerara	29
1014	Mohammadia	29
1015	Tighennif	29
1016	Mocta-Douz	29
1017	Ferraguig	29
1018	El Ghomri	29
1019	Zahana	29
1020	El Gaada	29
1021	Ras El Ain Amirouche	29
1022	Oggaz	29
1023	Alaimia	29
1024	Sig	29
1025	Chorfa	29
1026	Bou Henni	29
1027	El Mamounia	29
1028	El Gueitena	29
1029	Ain Fares	29
1030	Gharrous	29
1031	Benian	29
1032	Aouf	29
1033	Guerdjoum	29
1034	Ain Frass	29
1035	Ain Fekan	29
1036	Khalouia	29
1037	El Menaouer	29
1038	El Bordj	29
1039	Sidi Boussaid	29
1040	Matemore	29
1041	Sidi Kada	29
1042	Makhda	29
1043	Mascara	29
1044	Bouhanifia	29
1045	Ghriss	29
1046	Hacine	29
1047	El Keurt	29
1048	Froha	29
1049	Tizi	29
1050	Sehailia	29
1051	Maoussa	29
1052	Sidi Abdeldjebar	29
1053	El Hachem	29
1054	Nesmot	29
1055	Zelamta	29
1056	Ain Ferah	29
1057	Oued Taria	29
1058	Ouargla	30
1059	Hassi Messaoud	30
1060	Ain Beida	30
1061	Hassi Ben Abdellah	30
1062	Sidi Khouiled	30
1063	El Borma	30
1064	Rouissat	30
1065	N'goussa	30
1066	Sidi Chami	31
1067	Hassi Mefsoukh	31
1068	Bir El Djir	31
1069	Hassi Ben Okba	31
1070	Gdyel	31
1071	Hassi Bounif	31
1072	El Kerma	31
1073	Es Senia	31
1074	Ben Freha	31
1075	Arzew	31
1076	Sidi Ben Yebka	31
1077	Ain Biya	31
1078	Bethioua	31
1079	Marsat El Hadjadj	31
1080	Ain Turk	31
1081	Oran	31
1082	El Ancor	31
1083	Mers El Kebir	31
1084	Boufatis	31
1085	El Braya	31
1086	Oued Tlelat	31
1087	Ain Kerma	31
1088	Boutlelis	31
1089	Messerghin	31
1090	Bousfer	31
1091	Tafraoui	31
1092	Ain El Orak	32
1093	Krakda	32
1094	Sidi Slimane	32
1095	Sidi Ameur	32
1096	Boualem	32
1097	El Bnoud	32
1098	Bougtoub	32
1099	El Kheiter	32
1100	Tousmouline	32
1101	Sidi Tiffour	32
1102	Stitten	32
1103	El Bayadh	32
1104	Rogassa	32
1105	El Mehara	32
1106	Kef El Ahmar	32
1107	Brezina	32
1108	Ghassoul	32
1109	Labiodh Sidi Cheikh	32
1110	Boussemghoun	32
1111	Cheguig	32
1112	Chellala	32
1113	Arbaouat	32
1114	Bordj Omar Driss	33
1115	Debdeb	33
1116	In Amenas	33
1117	Illizi	33
1118	Elhammadia	34
1119	Ouled Sidi-Brahim	34
1120	Ain Taghrout	34
1121	Tixter	34
1122	Belimour	34
1123	El Annasseur	34
1124	Ghailasa	34
1125	Taglait	34
1126	Bordj Ghedir	34
1127	El Euch	34
1128	Sidi-Embarek	34
1129	Khelil	34
1130	Bir Kasdali	34
1131	Tefreg	34
1132	El Main	34
1133	Djaafra	34
1134	Colla	34
1135	Teniet En Nasr	34
1136	El M'hir	34
1137	Ksour	34
1138	Mansoura	34
1139	Haraza	34
1140	Rabta	34
1141	El Achir	34
1142	Hasnaoua	34
1143	Medjana	34
1144	Ain Tesra	34
1145	Ouled Brahem	34
1146	Ras El Oued	34
1147	Bordj Zemmoura	34
1148	Ouled Dahmane	34
1149	Tassamert	34
1150	B. B. Arreridj	34
1151	Ben Daoud	34
1152	El Kharrouba	35
1153	Dellys	35
1154	Ben Choud	35
1155	Afir	35
1156	Thenia	35
1157	Beni Amrane	35
1158	Khemis El Khechna	35
1159	Ammal	35
1160	Timezrit	35
1161	Zemmouri	35
1162	Larbatache	35
1163	Isser	35
1164	Chabet El Ameur	35
1165	Ouled Aissa	35
1166	Naciria	35
1167	Bouzegza Keddara	35
1168	Souk El Had	35
1169	Sidi Daoud	35
1170	Baghlia	35
1171	Leghata	35
1172	Djinet	35
1173	Tidjelabine	35
1174	Si Mustapha	35
1175	Ouled Hedadj	35
1176	Ouled Moussa	35
1177	Boumerdes	35
1178	Corso	35
1179	Bordj Menaiel	35
1180	Boudouaou	35
1181	Boudouaou El Bahri	35
1182	Taourga	35
1183	Hammedi	35
1184	Ain El Assel	36
1185	Bougous	36
1186	El Tarf	36
1187	Zitouna	36
1188	Besbes	36
1189	Ain Kerma	36
1190	Bouhadjar	36
1191	Hammam Beni Salah	36
1192	Oued Zitoun	36
1193	Ben M Hidi	36
1194	Berrihane	36
1195	Chebaita Mokhtar	36
1196	Echatt	36
1197	El Aioun	36
1198	El Kala	36
1199	Souarekh	36
1200	Zerizer	36
1201	Bouteldja	36
1202	Chefia	36
1203	Lac Des Oiseaux	36
1204	Chihani	36
1205	Raml Souk	36
1206	Asfour	36
1207	Drean	36
1208	Tindouf	37
1209	Oum El Assel	37
1210	Khemisti	38
1211	Theniet El Had	38
1212	Ouled Bessam	38
1213	Sidi Boutouchent	38
1214	Tissemsilt	38
1215	Sidi Lantri	38
1216	Beni Chaib	38
1217	Beni Lahcene	38
1218	Sidi Abed	38
1219	Sidi Slimane	38
1220	Boucaid	38
1221	Larbaa	38
1222	Lazharia	38
1223	Lardjem	38
1224	Melaab	38
1225	Layoune	38
1226	Tamellahet	38
1227	Youssoufia	38
1228	Bordj El Emir Abdelkader	38
1229	Ammari	38
1230	Maacem	38
1231	Bordj Bounaama	38
1232	Douar El Maa	39
1233	El Ogla	39
1234	Magrane	39
1235	Sidi Aoun	39
1236	Mih Ouansa	39
1237	Kouinine	39
1238	Bayadha	39
1239	Nakhla	39
1240	Robbah	39
1241	Guemar	39
1242	Ben Guecha	39
1243	Ourmes	39
1244	Taghzout	39
1245	Hamraia	39
1246	Reguiba	39
1247	Debila	39
1248	Hassani Abdelkrim	39
1249	Hassi Khalifa	39
1250	Trifaoui	39
1251	Taleb Larbi	39
1252	Oued El Alenda	39
1253	El-Oued	39
1254	Khirane	40
1255	Babar	40
1256	El Mahmal	40
1257	Ouled Rechache	40
1258	Djellal	40
1259	Yabous	40
1260	Khenchela	40
1261	Kais	40
1262	Chelia	40
1263	Remila	40
1264	Taouzianat	40
1265	Baghai	40
1266	El Hamma	40
1267	Ensigha	40
1268	Tamza	40
1269	Ain Touila	40
1270	M'toussa	40
1271	Bouhmama	40
1272	El Oueldja	40
1273	M'sara	40
1274	Chechar	40
1275	Souk Ahras	41
1276	Ain Soltane	41
1277	Sedrata	41
1278	Hanencha	41
1279	Machroha	41
1280	Ain Zana	41
1281	Ouled Driss	41
1282	Terraguelt	41
1283	Oum El Adhaim	41
1284	Oued Kebrit	41
1285	Tiffech	41
1286	Ragouba	41
1287	Drea	41
1288	Taoura	41
1289	Zaarouria	41
1290	Haddada	41
1291	Khedara	41
1292	Ouled Moumen	41
1293	Merahna	41
1294	Ouillen	41
1295	Sidi Fredj	41
1296	Bir Bouhouche	41
1297	Safel El Ouiden	41
1298	Khemissa	41
1299	M'daourouche	41
1300	Zouabi	41
1301	Hadjout	42
1302	Merad	42
1303	Menaceur	42
1304	Aghbal	42
1305	Nador	42
1306	Sidi-Amar	42
1307	Gouraya	42
1308	Messelmoun	42
1309	Cherchell	42
1310	Hadjret Ennous	42
1311	Sidi Ghiles	42
1312	Damous	42
1313	Larhat	42
1314	Fouka	42
1315	Ain Tagourait	42
1316	Bou Haroun	42
1317	Bou Ismail	42
1318	Khemisti	42
1319	Ahmer El Ain	42
1320	Bourkika	42
1321	Douaouda	42
1322	Sidi Rached	42
1323	Attatba	42
1324	Chaiba	42
1325	Kolea	42
1326	Sidi Semiane	42
1327	Tipaza	42
1328	Beni Mileuk	42
1329	El Mechira	43
1330	El Ayadi Barbes	43
1331	Ain Beida Harriche	43
1332	Tassala Lematai	43
1333	Terrai Bainen	43
1334	Amira Arres	43
1335	Tassadane Haddada	43
1336	Minar Zarza	43
1337	Sidi Merouane	43
1338	Chigara	43
1339	Hamala	43
1340	Grarem Gouga	43
1341	Tiberguent	43
1342	Rouached	43
1343	Derrahi Bousselah	43
1344	Zeghaia	43
1345	Oued Endja	43
1346	Ahmed Rachedi	43
1347	Tadjenanet	43
1348	Ain Mellouk	43
1349	Ouled Khalouf	43
1350	Benyahia Abderrahmane	43
1351	Teleghma	43
1352	Oued Seguen	43
1353	Oued Athmenia	43
1354	Ain Tine	43
1355	Chelghoum Laid	43
1356	Yahia Beniguecha	43
1357	Ferdjioua	43
1358	Sidi Khelifa	43
1359	Mila	43
1360	Bouhatem	43
1361	Khemis-Miliana	44
1362	Sidi-Lakhdar	44
1363	Ain-Benian	44
1364	Ain-Torki	44
1365	Hammam-Righa	44
1366	Bourached	44
1367	Hoceinia	44
1368	Djelida	44
1369	Arib	44
1370	Djemaa Ouled Cheikh	44
1371	El-Amra	44
1372	El-Attaf	44
1373	Tiberkanine	44
1374	Ain-Bouyahia	44
1375	El-Abadia	44
1376	Tacheta Zegagha	44
1377	Birbouche	44
1378	Djendel	44
1379	Ben Allal	44
1380	Oued Chorfa	44
1381	Boumedfaa	44
1382	Ain-Lechiakh	44
1383	Ain-Soltane	44
1384	Oued Djemaa	44
1385	El-Maine	44
1386	Rouina	44
1387	Zeddine	44
1388	Bir-Ould-Khelifa	44
1389	Bordj-Emir-Khaled	44
1390	Tarik-Ibn-Ziad	44
1391	Bathia	44
1392	Belaas	44
1393	Hassania	44
1394	Ain-Defla	44
1395	Miliana	44
1396	Mekhatria	44
1397	Tiout	45
1398	Moghrar	45
1399	Asla	45
1400	Kasdir	45
1401	Makmen Ben Amar	45
1402	Ain Sefra	45
1403	Mecheria	45
1404	El Biodh	45
1405	Ain Ben Khelil	45
1406	Naama	45
1407	Djenienne Bourezg	45
1408	Sfissifa	45
1409	Sidi Boumediene	46
1410	Tamzoura	46
1411	Chaabat El Ham	46
1412	El Maleh	46
1413	Ouled Kihal	46
1414	Chentouf	46
1415	Terga	46
1416	Oued Sebbah	46
1417	El Amria	46
1418	Hassi El Ghella	46
1419	Ouled Boudjemaa	46
1420	Aghlal	46
1421	Ain Kihal	46
1422	Ain Tolba	46
1423	Aoubellil	46
1424	Beni Saf	46
1425	Hassasna	46
1426	Emir Abdelkader	46
1427	Sidi Safi	46
1428	Oulhaca El Gheraba	46
1429	Sidi Ouriache	46
1430	Ain El Arbaa	46
1431	El Messaid	46
1432	Oued Berkeche	46
1433	Sidi Ben Adda	46
1434	Ain Temouchent	46
1435	Bouzedjar	46
1436	Hammam Bou Hadjar	46
1437	Dhayet Bendhahoua	47
1438	Mansoura	47
1439	El Atteuf	47
1440	Bounoura	47
1441	Zelfana	47
1442	El Guerrara	47
1443	Sebseb	47
1444	Metlili	47
1445	Berriane	47
1446	Ghardaia	47
1447	El-Guettar	48
1448	Ouled Aiche	48
1449	Beni Dergoun	48
1450	Dar Ben Abdelah	48
1451	Zemmoura	48
1452	Djidiouia	48
1453	Hamri	48
1454	Belaassel Bouzagza	48
1455	El-Matmar	48
1456	Sidi Khettab	48
1457	Sidi M'hamed Benaouda	48
1458	Ain-Tarek	48
1459	Had Echkalla	48
1460	El Ouldja	48
1461	Mazouna	48
1462	Ain Rahma	48
1463	Kalaa	48
1464	Sidi Saada	48
1465	Yellel	48
1466	Souk El Had	48
1467	Mendes	48
1468	Oued Essalem	48
1469	Sidi Lazreg	48
1470	Ammi Moussa	48
1471	Ouarizane	48
1472	Merdja Sidi Abed	48
1473	Ouled Sidi Mihoub	48
1474	Bendaoud	48
1475	Oued-Rhiou	48
1476	El Hassi	48
1477	Sidi M'hamed Benali	48
1478	Mediouna	48
1479	Beni Zentis	48
1480	Oued El Djemaa	48
1481	Lahlef	48
1482	Relizane	48
1483	El H'madna	48
1484	Ramka	48
1485	Tinerkouk	49
1486	Timimoun	49
1487	Ouled Said	49
1488	Metarfa	49
1489	Talmine	49
1490	Ouled Aissa	49
1491	Charouine	49
1492	Aougrout	49
1493	Deldoul	49
1494	Ksar Kaddour	49
1495	Timiaouine	50
1496	Bordj Badji Mokhtar	50
1497	Ras El Miad	51
1498	Besbes	51
1499	Sidi Khaled	51
1500	Doucen	51
1501	Chaiba	51
1502	Ouled Djellal	51
1503	Beni-Abbes	52
1504	Tamtert	52
1505	Igli	52
1506	El Ouata	52
1507	Ouled-Khodeir	52
1508	Kerzaz	52
1509	Timoudi	52
1510	Ksabi	52
1511	Beni-Ikhlef	52
1512	Inghar	53
1513	Ain Salah	53
1514	Foggaret Ezzoua	53
1515	Tin Zouatine	54
1516	Ain Guezzam	54
1517	Temacine	55
1518	Sidi Slimane	55
1519	Megarine	55
1520	Nezla	55
1521	Blidet Amor	55
1522	Tebesbest	55
1523	Touggourt	55
1524	Taibet	55
1525	El Alia	55
1526	El-Hadjira	55
1527	Benaceur	55
1528	M'naguer	55
1529	Zaouia El Abidia	55
1530	Djanet	56
1531	Bordj El Haouass	56
1532	Oum Touyour	57
1533	Sidi Amrane	57
1534	M'rara	57
1535	Djamaa	57
1536	Tenedla	57
1537	El-M'ghaier	57
1538	Still	57
1539	Sidi Khelil	57
1540	El Meniaa	58
1541	Hassi Gara	58
1542	Hassi Fehal	58
\.


--
-- Data for Name: gestionAnnonce_contact; Type: TABLE DATA; Schema: public; Owner: tp_igl_user
--

COPY public."gestionAnnonce_contact" (id, first_name, family_name, address, phone, mail) FROM stdin;
1	Hadjer	Laissaoui	Darna	+213640023562	
2	Hadjer	Laissaoui	Darna	+213640023562	
3	Hadjer	Laissaoui	Darna	+213640023562	imane.haissam3@gmail.com
4	Hadjer	Laissaoui	Darna	+213640023562	imane.haissam3@gmail.com
5	Hadjer	Laissaoui	Darna	+213640023562	imane.haissam3@gmail.com
6	Hadjer	Laissaoui	Darna	+213640023562	imane.haissam3@gmail.com
7	Hadjer	Laissaoui	Darna	+213640023562	imane.haissam3@gmail.com
8	Hadjer	Laissaoui	Darna	+213640023562	imane.haissam3@gmail.com
9	Hadjer	Laissaoui	Darna	+213640023562	imane.haissam3@gmail.com
10	Hadjer	Laissaoui	Darna	+213640023562	imane.haissam3@gmail.com
11	Hadjer	Laissaoui	Darna	+213640023562	imane.haissam3@gmail.com
12	Hadjer	Laissaoui	Darna	+213640023562	imane.haissam3@gmail.com
13	Hadjer	Laissaoui	Darna	+213640023562	imane.haissam3@gmail.com
14	Hadjer	Laissaoui	Darna	+213640023562	imane.haissam3@gmail.com
15	Hadjer	Laissaoui	Darna	+213640023562	imane.haissam3@gmail.com
16	45454	878787	778787	12121	11111
17	45454	6565	5454	54548	54545@esi.dz
18	test	test	test	8791	test
19	Hadjer	Laissaoui	Darna	+213640023562	imane.haissam3@gmail.com
20	Hadjer	Laissaoui	Darna	+213640023562	imane.haissam3@gmail.com
21	Hadjer	Laissaoui	Darna	+213640023562	imane.haissam3@gmail.com
22	Hadjer	Laissaoui	Darna	+213640023562	imane.haissam3@gmail.com
23	Hadjer	Laissaoui	Darna	+213640023562	imane.haissam3@gmail.com
24	Hadjer	Laissaoui	Darna	+213640023562	imane.haissam3@gmail.com
25	Hadjer	Laissaoui	Darna	+213640023562	imane.haissam3@gmail.com
26	Hadjer	Laissaoui	Darna	+213640023562	imane.haissam3@gmail.com
27	Hadjer	Laissaoui	Darna	+213640023562	imane.haissam3@gmail.com
28	Hadjer	Laissaoui	Darna	+213640023562	imane.haissam3@gmail.com
29	Hadjer	Laissaoui	Darna	+213640023562	imane.haissam3@gmail.com
30	Hadjer	Laissaoui	Darna	+213640023562	imane.haissam3@gmail.com
31	Hadjer	Laissaoui	Darna	+213640023562	imane.haissam3@gmail.com
32	Hadjer	Laissaoui	Darna	+213640023562	imane.haissam3@gmail.com
33	Hadjer	Laissaoui	Darna	+213640023562	imane.haissam3@gmail.com
34	Hadjer	Laissaoui	Darna	+213640023562	imane.haissam3@gmail.com
35	Hadjer	Laissaoui	Darna	+213640023562	imane.haissam3@gmail.com
36	Hadjer	Laissaoui	Darna	+213640023562	imane.haissam3@gmail.com
37	Hadjer	Laissaoui	Darna	+213640023562	imane.haissam3@gmail.com
38	Hadjer	Laissaoui	Darna	+213640023562	imane.haissam3@gmail.com
39	Hadjer	Laissaoui	Darna	+213640023562	imane.haissam3@gmail.com
40	Hadjer	Laissaoui	Darna	+213640023562	imane.haissam3@gmail.com
41	Hadjer	Laissaoui	Darna	+213640023562	imane.haissam3@gmail.com
42	Hadjer	Laissaoui	Darna	+213640023562	imane.haissam3@gmail.com
43	Hadjer	Laissaoui	Darna	+213640023562	imane.haissam3@gmail.com
44	Hadjer	Laissaoui	Darna	+213640023562	imane.haissam3@gmail.com
45	Hadjer	Laissaoui	Darna	+213640023562	imane.haissam3@gmail.com
46	Hadjer	Laissaoui	Darna	+213640023562	imane.haissam3@gmail.com
47	Hadjer	Laissaoui	Darna	+213640023562	imane.haissam3@gmail.com
48	Hadjer	Laissaoui	Darna	+213640023562	imane.haissam3@gmail.com
49	Hadjer	Laissaoui	Darna	+213640023562	imane.haissam3@gmail.com
50	Hadjer	Laissaoui	Darna	+213640023562	imane.haissam3@gmail.com
51	Hadjer	Laissaoui	Darna	+213640023562	imane.haissam3@gmail.com
52	Hadjer	Laissaoui	Darna	+213640023562	imane.haissam3@gmail.com
53	Hadjer	Laissaoui	Darna	+213640023562	imane.haissam3@gmail.com
54	Hadjer	Laissaoui	Darna	+213640023562	imane.haissam3@gmail.com
55	Hadjer	Laissaoui	Darna	+213640023562	imane.haissam3@gmail.com
56	Hadjer	Laissaoui	Darna	+213640023562	imane.haissam3@gmail.com
57	Hadjer	Laissaoui	Darna	+213640023562	imane.haissam3@gmail.com
58	Hadjer	Laissaoui	Darna	+213640023562	imane.haissam3@gmail.com
59	Hadjer	Laissaoui	Darna	+213640023562	imane.haissam3@gmail.com
60	Hadjer	Laissaoui	Darna	+213640023562	imane.haissam3@gmail.com
61	8778	54	454	53	545
62	5	6	8	8	7
63	ds	ds	ds	5	ds@ds
64	ds	ds	ds	5	ds@ds
65	ds	ds	ds	5	ds@ds
66	test	test	test	74	test@esi.dz
67	5454545	989898	332323	989897	8788@ei.d
68	5454545	989898	332323	989897	8788@ei.d
69	final	final	final	878787	8877@ei.d
70	1	1	1	1	1@esi.dz
71	1	1	1	1	1@esi.dz
72	Hadjer	Laissaoui	Darna	+213640023562	imane.haissam3@gmail.com
73	khaled abderrahmène	Habouche	Bir el djir millenuim	776493218	badromco12@gmail.com
74	Hadjer	Laissaoui	Darna	+213640023562	imane.haissam3@gmail.com
75	Hadjer	Laissaoui	Darna	+213640023562	imane.haissam3@gmail.com
76	1	1	1	1	1@esi.dz
77	Hadjer	Laissaoui	Darna	+213640023562	imane.haissam3@gmail.com
78	Hadjer	Laissaoui	Darna	+213640023562	imane.haissam3@gmail.com
79	Hadjer	Laissaoui	Darna	+213640023562	imane.haissam3@gmail.com
\.


--
-- Data for Name: gestionAnnonce_location; Type: TABLE DATA; Schema: public; Owner: tp_igl_user
--

COPY public."gestionAnnonce_location" (id, address_id, commune_id, wilaya_id) FROM stdin;
1	1	1	1
2	2	1	1
3	3	901	26
4	4	901	26
5	5	901	26
6	6	1	1
7	7	1	1
8	8	901	26
9	9	901	26
10	10	901	26
11	11	901	26
12	12	901	26
13	13	901	26
14	14	901	26
15	15	901	26
16	16	901	26
17	17	901	26
18	18	901	26
19	19	901	26
20	20	901	26
21	21	901	26
22	22	901	26
23	23	901	26
24	24	901	26
25	25	901	26
26	26	901	26
27	27	901	26
28	28	901	26
29	29	901	26
30	30	901	26
31	31	901	26
32	32	901	26
33	33	901	26
34	34	901	26
35	35	901	26
36	36	901	26
37	37	901	26
38	38	901	26
39	39	901	26
40	40	901	26
41	41	901	26
42	42	901	26
43	43	901	26
44	44	901	26
45	45	901	26
46	46	901	26
47	47	901	26
48	48	901	26
49	49	901	26
50	50	1	1
51	51	1	1
52	52	1	1
53	53	1	1
54	54	1	1
55	55	1	1
56	56	1	1
57	57	1	1
58	58	1	1
59	59	1	1
60	60	901	26
61	61	901	26
62	62	901	26
63	63	1	1
64	64	901	26
65	65	901	26
66	66	901	26
\.


--
-- Data for Name: gestionAnnonce_messages; Type: TABLE DATA; Schema: public; Owner: tp_igl_user
--

COPY public."gestionAnnonce_messages" (id, content, created_at, status, sent_by_id, sent_to_id) FROM stdin;
2	Hi Happy you like it. Let's talk about the details	2023-01-09 18:21:09.790055+00	Pending	1	2
1	Hello! I want to buy your flat. Can we talk about the details?	2023-01-09 18:26:03.990972+00	Read	2	1
\.


--
-- Data for Name: gestionAnnonce_type; Type: TABLE DATA; Schema: public; Owner: tp_igl_user
--

COPY public."gestionAnnonce_type" (id, type_name) FROM stdin;
1	Land
2	Farmland
3	Flat
4	House
5	Bungalow
\.


--
-- Data for Name: gestionAnnonce_user; Type: TABLE DATA; Schema: public; Owner: tp_igl_user
--

COPY public."gestionAnnonce_user" (id, password, email, family_name, first_name, is_staff, is_superuser, is_active, date_joined, last_login, image) FROM stdin;
2		imanemy.haissam3@gmail.com	Laissaoui	Hadjer	f	f	t	2023-01-09 17:33:46.55144+00	\N	
3		i.haissam@esi-sba.dz	Laissaoui	Hadjer	f	f	t	2023-01-09 19:18:47.179731+00	\N	https://encrypted-tbn0.gstatic.com/images?q=tbn:ANd9GcRMLYACaGIbSwNMTz6AN8Vac6G8NidhAU0QoguP79Q&s
4		khaledhabouche08@gmail.com	Dzz	Abdou	f	f	t	2023-01-10 19:14:24.420386+00	\N	https://lh3.googleusercontent.com/a/AEdFTp4DEucJDZCF8lnQbSMGkNDpcyVF1rbtAyXfZwMS=s96-c
5		kk_habouche@esi.dzz	HABOUCHE	KHALEDABDERRAHMENE	f	f	t	2023-01-10 19:53:44.6745+00	\N	
6		kk_habouche@esi.dz	HABOUCHE	KHALEDABDERRAHMENE	f	f	t	2023-01-10 19:54:55.012649+00	\N	https://lh3.googleusercontent.com/a/AEdFTp7Msm2TlbIvhy8W9_OZCp6MkugFglXbf5zSvLgf=s96-c
1	pbkdf2_sha256$390000$IxNYyvqbdKezo95IUK3LGd$1gzFM39U9J6bHFHr0pU8z+NjjUH7U9XABlOQ4ldT1Ss=	kh_laissaoui@esi.dz	\N	\N	t	t	t	2023-01-09 17:08:04.219687+00	2023-01-31 17:49:12.214448+00	
\.


--
-- Data for Name: gestionAnnonce_user_groups; Type: TABLE DATA; Schema: public; Owner: tp_igl_user
--

COPY public."gestionAnnonce_user_groups" (id, user_id, group_id) FROM stdin;
\.


--
-- Data for Name: gestionAnnonce_user_user_permissions; Type: TABLE DATA; Schema: public; Owner: tp_igl_user
--

COPY public."gestionAnnonce_user_user_permissions" (id, user_id, permission_id) FROM stdin;
\.


--
-- Data for Name: gestionAnnonce_wilaya; Type: TABLE DATA; Schema: public; Owner: tp_igl_user
--

COPY public."gestionAnnonce_wilaya" (id, designation) FROM stdin;
1	Adrar
2	Chlef
3	Laghouat
4	Oum El Bouaghi
5	Batna
6	Béjaïa
7	Biskra
8	Béchar
9	Blida
10	Bouira
11	Tamanrasset
12	Tébessa
13	Tlemcen
14	Tiaret
15	Tizi Ouzou
16	Alger
17	Djelfa
18	Jijel
19	Sétif
20	Saïda
21	Skikda
22	Sidi Bel Abbès
23	Annaba
24	Guelma
25	Constantine
26	Médéa
27	Mostaganem
28	M'Sila
29	Mascara
30	Ouargla
31	Oran
32	El Bayadh
33	Illizi
34	Bordj Bou Arreridj
35	Boumerdès
36	El Tarf
37	Tindouf
38	Tissemsilt
39	El Oued
40	Khenchela
41	Souk Ahras
42	Tipaza
43	Mila
44	Aïn Defla
45	Naâma
46	Aïn Témouchent
47	Ghardaïa
48	Relizane
49	Timimoun
50	Bordj Badji Mokhtar
51	Ouled Djellal
52	Béni Abbès
53	In Salah
54	In Guezzam
55	Touggourt
56	Djanet
57	El Meghaier
58	El Menia
\.


--
-- Name: auth_group_id_seq; Type: SEQUENCE SET; Schema: public; Owner: tp_igl_user
--

SELECT pg_catalog.setval('public.auth_group_id_seq', 1, false);


--
-- Name: auth_group_permissions_id_seq; Type: SEQUENCE SET; Schema: public; Owner: tp_igl_user
--

SELECT pg_catalog.setval('public.auth_group_permissions_id_seq', 1, false);


--
-- Name: auth_permission_id_seq; Type: SEQUENCE SET; Schema: public; Owner: tp_igl_user
--

SELECT pg_catalog.setval('public.auth_permission_id_seq', 72, true);


--
-- Name: django_admin_log_id_seq; Type: SEQUENCE SET; Schema: public; Owner: tp_igl_user
--

SELECT pg_catalog.setval('public.django_admin_log_id_seq', 65, true);


--
-- Name: django_content_type_id_seq; Type: SEQUENCE SET; Schema: public; Owner: tp_igl_user
--

SELECT pg_catalog.setval('public.django_content_type_id_seq', 18, true);


--
-- Name: django_migrations_id_seq; Type: SEQUENCE SET; Schema: public; Owner: tp_igl_user
--

SELECT pg_catalog.setval('public.django_migrations_id_seq', 25, true);


--
-- Name: gestionAnnonce_address_id_seq; Type: SEQUENCE SET; Schema: public; Owner: tp_igl_user
--

SELECT pg_catalog.setval('public."gestionAnnonce_address_id_seq"', 66, true);


--
-- Name: gestionAnnonce_annoncement_favorated_by_id_seq; Type: SEQUENCE SET; Schema: public; Owner: tp_igl_user
--

SELECT pg_catalog.setval('public."gestionAnnonce_annoncement_favorated_by_id_seq"', 2, true);


--
-- Name: gestionAnnonce_annoncement_id_seq; Type: SEQUENCE SET; Schema: public; Owner: tp_igl_user
--

SELECT pg_catalog.setval('public."gestionAnnonce_annoncement_id_seq"', 66, true);


--
-- Name: gestionAnnonce_annoncementimage_id_seq; Type: SEQUENCE SET; Schema: public; Owner: tp_igl_user
--

SELECT pg_catalog.setval('public."gestionAnnonce_annoncementimage_id_seq"', 39, true);


--
-- Name: gestionAnnonce_category_id_seq; Type: SEQUENCE SET; Schema: public; Owner: tp_igl_user
--

SELECT pg_catalog.setval('public."gestionAnnonce_category_id_seq"', 4, true);


--
-- Name: gestionAnnonce_commune_id_seq; Type: SEQUENCE SET; Schema: public; Owner: tp_igl_user
--

SELECT pg_catalog.setval('public."gestionAnnonce_commune_id_seq"', 1542, true);


--
-- Name: gestionAnnonce_contact_id_seq; Type: SEQUENCE SET; Schema: public; Owner: tp_igl_user
--

SELECT pg_catalog.setval('public."gestionAnnonce_contact_id_seq"', 79, true);


--
-- Name: gestionAnnonce_location_id_seq; Type: SEQUENCE SET; Schema: public; Owner: tp_igl_user
--

SELECT pg_catalog.setval('public."gestionAnnonce_location_id_seq"', 66, true);


--
-- Name: gestionAnnonce_messages_id_seq; Type: SEQUENCE SET; Schema: public; Owner: tp_igl_user
--

SELECT pg_catalog.setval('public."gestionAnnonce_messages_id_seq"', 2, true);


--
-- Name: gestionAnnonce_type_id_seq; Type: SEQUENCE SET; Schema: public; Owner: tp_igl_user
--

SELECT pg_catalog.setval('public."gestionAnnonce_type_id_seq"', 5, true);


--
-- Name: gestionAnnonce_user_groups_id_seq; Type: SEQUENCE SET; Schema: public; Owner: tp_igl_user
--

SELECT pg_catalog.setval('public."gestionAnnonce_user_groups_id_seq"', 1, false);


--
-- Name: gestionAnnonce_user_id_seq; Type: SEQUENCE SET; Schema: public; Owner: tp_igl_user
--

SELECT pg_catalog.setval('public."gestionAnnonce_user_id_seq"', 6, true);


--
-- Name: gestionAnnonce_user_user_permissions_id_seq; Type: SEQUENCE SET; Schema: public; Owner: tp_igl_user
--

SELECT pg_catalog.setval('public."gestionAnnonce_user_user_permissions_id_seq"', 1, false);


--
-- Name: gestionAnnonce_wilaya_id_seq; Type: SEQUENCE SET; Schema: public; Owner: tp_igl_user
--

SELECT pg_catalog.setval('public."gestionAnnonce_wilaya_id_seq"', 58, true);


--
-- Name: auth_group auth_group_name_key; Type: CONSTRAINT; Schema: public; Owner: tp_igl_user
--

ALTER TABLE ONLY public.auth_group
    ADD CONSTRAINT auth_group_name_key UNIQUE (name);


--
-- Name: auth_group_permissions auth_group_permissions_group_id_permission_id_0cd325b0_uniq; Type: CONSTRAINT; Schema: public; Owner: tp_igl_user
--

ALTER TABLE ONLY public.auth_group_permissions
    ADD CONSTRAINT auth_group_permissions_group_id_permission_id_0cd325b0_uniq UNIQUE (group_id, permission_id);


--
-- Name: auth_group_permissions auth_group_permissions_pkey; Type: CONSTRAINT; Schema: public; Owner: tp_igl_user
--

ALTER TABLE ONLY public.auth_group_permissions
    ADD CONSTRAINT auth_group_permissions_pkey PRIMARY KEY (id);


--
-- Name: auth_group auth_group_pkey; Type: CONSTRAINT; Schema: public; Owner: tp_igl_user
--

ALTER TABLE ONLY public.auth_group
    ADD CONSTRAINT auth_group_pkey PRIMARY KEY (id);


--
-- Name: auth_permission auth_permission_content_type_id_codename_01ab375a_uniq; Type: CONSTRAINT; Schema: public; Owner: tp_igl_user
--

ALTER TABLE ONLY public.auth_permission
    ADD CONSTRAINT auth_permission_content_type_id_codename_01ab375a_uniq UNIQUE (content_type_id, codename);


--
-- Name: auth_permission auth_permission_pkey; Type: CONSTRAINT; Schema: public; Owner: tp_igl_user
--

ALTER TABLE ONLY public.auth_permission
    ADD CONSTRAINT auth_permission_pkey PRIMARY KEY (id);


--
-- Name: authtoken_token authtoken_token_pkey; Type: CONSTRAINT; Schema: public; Owner: tp_igl_user
--

ALTER TABLE ONLY public.authtoken_token
    ADD CONSTRAINT authtoken_token_pkey PRIMARY KEY (key);


--
-- Name: authtoken_token authtoken_token_user_id_key; Type: CONSTRAINT; Schema: public; Owner: tp_igl_user
--

ALTER TABLE ONLY public.authtoken_token
    ADD CONSTRAINT authtoken_token_user_id_key UNIQUE (user_id);


--
-- Name: django_admin_log django_admin_log_pkey; Type: CONSTRAINT; Schema: public; Owner: tp_igl_user
--

ALTER TABLE ONLY public.django_admin_log
    ADD CONSTRAINT django_admin_log_pkey PRIMARY KEY (id);


--
-- Name: django_content_type django_content_type_app_label_model_76bd3d3b_uniq; Type: CONSTRAINT; Schema: public; Owner: tp_igl_user
--

ALTER TABLE ONLY public.django_content_type
    ADD CONSTRAINT django_content_type_app_label_model_76bd3d3b_uniq UNIQUE (app_label, model);


--
-- Name: django_content_type django_content_type_pkey; Type: CONSTRAINT; Schema: public; Owner: tp_igl_user
--

ALTER TABLE ONLY public.django_content_type
    ADD CONSTRAINT django_content_type_pkey PRIMARY KEY (id);


--
-- Name: django_migrations django_migrations_pkey; Type: CONSTRAINT; Schema: public; Owner: tp_igl_user
--

ALTER TABLE ONLY public.django_migrations
    ADD CONSTRAINT django_migrations_pkey PRIMARY KEY (id);


--
-- Name: django_session django_session_pkey; Type: CONSTRAINT; Schema: public; Owner: tp_igl_user
--

ALTER TABLE ONLY public.django_session
    ADD CONSTRAINT django_session_pkey PRIMARY KEY (session_key);


--
-- Name: gestionAnnonce_address gestionAnnonce_address_pkey; Type: CONSTRAINT; Schema: public; Owner: tp_igl_user
--

ALTER TABLE ONLY public."gestionAnnonce_address"
    ADD CONSTRAINT "gestionAnnonce_address_pkey" PRIMARY KEY (id);


--
-- Name: gestionAnnonce_annoncement_favorated_by gestionAnnonce_annonceme_annoncement_id_user_id_28e0d4f0_uniq; Type: CONSTRAINT; Schema: public; Owner: tp_igl_user
--

ALTER TABLE ONLY public."gestionAnnonce_annoncement_favorated_by"
    ADD CONSTRAINT "gestionAnnonce_annonceme_annoncement_id_user_id_28e0d4f0_uniq" UNIQUE (annoncement_id, user_id);


--
-- Name: gestionAnnonce_annoncement_favorated_by gestionAnnonce_annoncement_favorated_by_pkey; Type: CONSTRAINT; Schema: public; Owner: tp_igl_user
--

ALTER TABLE ONLY public."gestionAnnonce_annoncement_favorated_by"
    ADD CONSTRAINT "gestionAnnonce_annoncement_favorated_by_pkey" PRIMARY KEY (id);


--
-- Name: gestionAnnonce_annoncement gestionAnnonce_annoncement_location_id_key; Type: CONSTRAINT; Schema: public; Owner: tp_igl_user
--

ALTER TABLE ONLY public."gestionAnnonce_annoncement"
    ADD CONSTRAINT "gestionAnnonce_annoncement_location_id_key" UNIQUE (location_id);


--
-- Name: gestionAnnonce_annoncement gestionAnnonce_annoncement_pkey; Type: CONSTRAINT; Schema: public; Owner: tp_igl_user
--

ALTER TABLE ONLY public."gestionAnnonce_annoncement"
    ADD CONSTRAINT "gestionAnnonce_annoncement_pkey" PRIMARY KEY (id);


--
-- Name: gestionAnnonce_annoncementimage gestionAnnonce_annoncementimage_pkey; Type: CONSTRAINT; Schema: public; Owner: tp_igl_user
--

ALTER TABLE ONLY public."gestionAnnonce_annoncementimage"
    ADD CONSTRAINT "gestionAnnonce_annoncementimage_pkey" PRIMARY KEY (id);


--
-- Name: gestionAnnonce_category gestionAnnonce_category_pkey; Type: CONSTRAINT; Schema: public; Owner: tp_igl_user
--

ALTER TABLE ONLY public."gestionAnnonce_category"
    ADD CONSTRAINT "gestionAnnonce_category_pkey" PRIMARY KEY (id);


--
-- Name: gestionAnnonce_commune gestionAnnonce_commune_pkey; Type: CONSTRAINT; Schema: public; Owner: tp_igl_user
--

ALTER TABLE ONLY public."gestionAnnonce_commune"
    ADD CONSTRAINT "gestionAnnonce_commune_pkey" PRIMARY KEY (id);


--
-- Name: gestionAnnonce_contact gestionAnnonce_contact_pkey; Type: CONSTRAINT; Schema: public; Owner: tp_igl_user
--

ALTER TABLE ONLY public."gestionAnnonce_contact"
    ADD CONSTRAINT "gestionAnnonce_contact_pkey" PRIMARY KEY (id);


--
-- Name: gestionAnnonce_location gestionAnnonce_location_address_id_key; Type: CONSTRAINT; Schema: public; Owner: tp_igl_user
--

ALTER TABLE ONLY public."gestionAnnonce_location"
    ADD CONSTRAINT "gestionAnnonce_location_address_id_key" UNIQUE (address_id);


--
-- Name: gestionAnnonce_location gestionAnnonce_location_pkey; Type: CONSTRAINT; Schema: public; Owner: tp_igl_user
--

ALTER TABLE ONLY public."gestionAnnonce_location"
    ADD CONSTRAINT "gestionAnnonce_location_pkey" PRIMARY KEY (id);


--
-- Name: gestionAnnonce_messages gestionAnnonce_messages_pkey; Type: CONSTRAINT; Schema: public; Owner: tp_igl_user
--

ALTER TABLE ONLY public."gestionAnnonce_messages"
    ADD CONSTRAINT "gestionAnnonce_messages_pkey" PRIMARY KEY (id);


--
-- Name: gestionAnnonce_type gestionAnnonce_type_pkey; Type: CONSTRAINT; Schema: public; Owner: tp_igl_user
--

ALTER TABLE ONLY public."gestionAnnonce_type"
    ADD CONSTRAINT "gestionAnnonce_type_pkey" PRIMARY KEY (id);


--
-- Name: gestionAnnonce_user gestionAnnonce_user_email_key; Type: CONSTRAINT; Schema: public; Owner: tp_igl_user
--

ALTER TABLE ONLY public."gestionAnnonce_user"
    ADD CONSTRAINT "gestionAnnonce_user_email_key" UNIQUE (email);


--
-- Name: gestionAnnonce_user_groups gestionAnnonce_user_groups_pkey; Type: CONSTRAINT; Schema: public; Owner: tp_igl_user
--

ALTER TABLE ONLY public."gestionAnnonce_user_groups"
    ADD CONSTRAINT "gestionAnnonce_user_groups_pkey" PRIMARY KEY (id);


--
-- Name: gestionAnnonce_user_groups gestionAnnonce_user_groups_user_id_group_id_0c68c502_uniq; Type: CONSTRAINT; Schema: public; Owner: tp_igl_user
--

ALTER TABLE ONLY public."gestionAnnonce_user_groups"
    ADD CONSTRAINT "gestionAnnonce_user_groups_user_id_group_id_0c68c502_uniq" UNIQUE (user_id, group_id);


--
-- Name: gestionAnnonce_user gestionAnnonce_user_pkey; Type: CONSTRAINT; Schema: public; Owner: tp_igl_user
--

ALTER TABLE ONLY public."gestionAnnonce_user"
    ADD CONSTRAINT "gestionAnnonce_user_pkey" PRIMARY KEY (id);


--
-- Name: gestionAnnonce_user_user_permissions gestionAnnonce_user_user_permissions_pkey; Type: CONSTRAINT; Schema: public; Owner: tp_igl_user
--

ALTER TABLE ONLY public."gestionAnnonce_user_user_permissions"
    ADD CONSTRAINT "gestionAnnonce_user_user_permissions_pkey" PRIMARY KEY (id);


--
-- Name: gestionAnnonce_user_user_permissions gestionAnnonce_user_user_user_id_permission_id_c7194ab1_uniq; Type: CONSTRAINT; Schema: public; Owner: tp_igl_user
--

ALTER TABLE ONLY public."gestionAnnonce_user_user_permissions"
    ADD CONSTRAINT "gestionAnnonce_user_user_user_id_permission_id_c7194ab1_uniq" UNIQUE (user_id, permission_id);


--
-- Name: gestionAnnonce_wilaya gestionAnnonce_wilaya_designation_key; Type: CONSTRAINT; Schema: public; Owner: tp_igl_user
--

ALTER TABLE ONLY public."gestionAnnonce_wilaya"
    ADD CONSTRAINT "gestionAnnonce_wilaya_designation_key" UNIQUE (designation);


--
-- Name: gestionAnnonce_wilaya gestionAnnonce_wilaya_pkey; Type: CONSTRAINT; Schema: public; Owner: tp_igl_user
--

ALTER TABLE ONLY public."gestionAnnonce_wilaya"
    ADD CONSTRAINT "gestionAnnonce_wilaya_pkey" PRIMARY KEY (id);


--
-- Name: auth_group_name_a6ea08ec_like; Type: INDEX; Schema: public; Owner: tp_igl_user
--

CREATE INDEX auth_group_name_a6ea08ec_like ON public.auth_group USING btree (name varchar_pattern_ops);


--
-- Name: auth_group_permissions_group_id_b120cbf9; Type: INDEX; Schema: public; Owner: tp_igl_user
--

CREATE INDEX auth_group_permissions_group_id_b120cbf9 ON public.auth_group_permissions USING btree (group_id);


--
-- Name: auth_group_permissions_permission_id_84c5c92e; Type: INDEX; Schema: public; Owner: tp_igl_user
--

CREATE INDEX auth_group_permissions_permission_id_84c5c92e ON public.auth_group_permissions USING btree (permission_id);


--
-- Name: auth_permission_content_type_id_2f476e4b; Type: INDEX; Schema: public; Owner: tp_igl_user
--

CREATE INDEX auth_permission_content_type_id_2f476e4b ON public.auth_permission USING btree (content_type_id);


--
-- Name: authtoken_token_key_10f0b77e_like; Type: INDEX; Schema: public; Owner: tp_igl_user
--

CREATE INDEX authtoken_token_key_10f0b77e_like ON public.authtoken_token USING btree (key varchar_pattern_ops);


--
-- Name: django_admin_log_content_type_id_c4bce8eb; Type: INDEX; Schema: public; Owner: tp_igl_user
--

CREATE INDEX django_admin_log_content_type_id_c4bce8eb ON public.django_admin_log USING btree (content_type_id);


--
-- Name: django_admin_log_user_id_c564eba6; Type: INDEX; Schema: public; Owner: tp_igl_user
--

CREATE INDEX django_admin_log_user_id_c564eba6 ON public.django_admin_log USING btree (user_id);


--
-- Name: django_session_expire_date_a5c62663; Type: INDEX; Schema: public; Owner: tp_igl_user
--

CREATE INDEX django_session_expire_date_a5c62663 ON public.django_session USING btree (expire_date);


--
-- Name: django_session_session_key_c0390e0f_like; Type: INDEX; Schema: public; Owner: tp_igl_user
--

CREATE INDEX django_session_session_key_c0390e0f_like ON public.django_session USING btree (session_key varchar_pattern_ops);


--
-- Name: gestionAnnonce_annoncement_category_id_a0423dbe; Type: INDEX; Schema: public; Owner: tp_igl_user
--

CREATE INDEX "gestionAnnonce_annoncement_category_id_a0423dbe" ON public."gestionAnnonce_annoncement" USING btree (category_id);


--
-- Name: gestionAnnonce_annoncement_contact_id_6b7882df; Type: INDEX; Schema: public; Owner: tp_igl_user
--

CREATE INDEX "gestionAnnonce_annoncement_contact_id_6b7882df" ON public."gestionAnnonce_annoncement" USING btree (contact_id);


--
-- Name: gestionAnnonce_annoncement_favorated_by_annoncement_id_75212e64; Type: INDEX; Schema: public; Owner: tp_igl_user
--

CREATE INDEX "gestionAnnonce_annoncement_favorated_by_annoncement_id_75212e64" ON public."gestionAnnonce_annoncement_favorated_by" USING btree (annoncement_id);


--
-- Name: gestionAnnonce_annoncement_favorated_by_user_id_330fed3e; Type: INDEX; Schema: public; Owner: tp_igl_user
--

CREATE INDEX "gestionAnnonce_annoncement_favorated_by_user_id_330fed3e" ON public."gestionAnnonce_annoncement_favorated_by" USING btree (user_id);


--
-- Name: gestionAnnonce_annoncement_type_id_67b086fa; Type: INDEX; Schema: public; Owner: tp_igl_user
--

CREATE INDEX "gestionAnnonce_annoncement_type_id_67b086fa" ON public."gestionAnnonce_annoncement" USING btree (type_id);


--
-- Name: gestionAnnonce_annoncement_user_id_e70041df; Type: INDEX; Schema: public; Owner: tp_igl_user
--

CREATE INDEX "gestionAnnonce_annoncement_user_id_e70041df" ON public."gestionAnnonce_annoncement" USING btree (user_id);


--
-- Name: gestionAnnonce_annoncementimage_annoncement_id_3da0502f; Type: INDEX; Schema: public; Owner: tp_igl_user
--

CREATE INDEX "gestionAnnonce_annoncementimage_annoncement_id_3da0502f" ON public."gestionAnnonce_annoncementimage" USING btree (annoncement_id);


--
-- Name: gestionAnnonce_commune_wilaya_id_da2ae564; Type: INDEX; Schema: public; Owner: tp_igl_user
--

CREATE INDEX "gestionAnnonce_commune_wilaya_id_da2ae564" ON public."gestionAnnonce_commune" USING btree (wilaya_id);


--
-- Name: gestionAnnonce_location_commune_id_2bfa6015; Type: INDEX; Schema: public; Owner: tp_igl_user
--

CREATE INDEX "gestionAnnonce_location_commune_id_2bfa6015" ON public."gestionAnnonce_location" USING btree (commune_id);


--
-- Name: gestionAnnonce_location_wilaya_id_8eb04d3a; Type: INDEX; Schema: public; Owner: tp_igl_user
--

CREATE INDEX "gestionAnnonce_location_wilaya_id_8eb04d3a" ON public."gestionAnnonce_location" USING btree (wilaya_id);


--
-- Name: gestionAnnonce_messages_sent_by_id_fe0f982a; Type: INDEX; Schema: public; Owner: tp_igl_user
--

CREATE INDEX "gestionAnnonce_messages_sent_by_id_fe0f982a" ON public."gestionAnnonce_messages" USING btree (sent_by_id);


--
-- Name: gestionAnnonce_messages_sent_to_id_f567f1c7; Type: INDEX; Schema: public; Owner: tp_igl_user
--

CREATE INDEX "gestionAnnonce_messages_sent_to_id_f567f1c7" ON public."gestionAnnonce_messages" USING btree (sent_to_id);


--
-- Name: gestionAnnonce_user_email_583b83de_like; Type: INDEX; Schema: public; Owner: tp_igl_user
--

CREATE INDEX "gestionAnnonce_user_email_583b83de_like" ON public."gestionAnnonce_user" USING btree (email varchar_pattern_ops);


--
-- Name: gestionAnnonce_user_groups_group_id_fe4fb615; Type: INDEX; Schema: public; Owner: tp_igl_user
--

CREATE INDEX "gestionAnnonce_user_groups_group_id_fe4fb615" ON public."gestionAnnonce_user_groups" USING btree (group_id);


--
-- Name: gestionAnnonce_user_groups_user_id_d125cf9f; Type: INDEX; Schema: public; Owner: tp_igl_user
--

CREATE INDEX "gestionAnnonce_user_groups_user_id_d125cf9f" ON public."gestionAnnonce_user_groups" USING btree (user_id);


--
-- Name: gestionAnnonce_user_user_permissions_permission_id_1d58377b; Type: INDEX; Schema: public; Owner: tp_igl_user
--

CREATE INDEX "gestionAnnonce_user_user_permissions_permission_id_1d58377b" ON public."gestionAnnonce_user_user_permissions" USING btree (permission_id);


--
-- Name: gestionAnnonce_user_user_permissions_user_id_4a8c36f8; Type: INDEX; Schema: public; Owner: tp_igl_user
--

CREATE INDEX "gestionAnnonce_user_user_permissions_user_id_4a8c36f8" ON public."gestionAnnonce_user_user_permissions" USING btree (user_id);


--
-- Name: gestionAnnonce_wilaya_designation_92084a07_like; Type: INDEX; Schema: public; Owner: tp_igl_user
--

CREATE INDEX "gestionAnnonce_wilaya_designation_92084a07_like" ON public."gestionAnnonce_wilaya" USING btree (designation varchar_pattern_ops);


--
-- Name: auth_group_permissions auth_group_permissio_permission_id_84c5c92e_fk_auth_perm; Type: FK CONSTRAINT; Schema: public; Owner: tp_igl_user
--

ALTER TABLE ONLY public.auth_group_permissions
    ADD CONSTRAINT auth_group_permissio_permission_id_84c5c92e_fk_auth_perm FOREIGN KEY (permission_id) REFERENCES public.auth_permission(id) DEFERRABLE INITIALLY DEFERRED;


--
-- Name: auth_group_permissions auth_group_permissions_group_id_b120cbf9_fk_auth_group_id; Type: FK CONSTRAINT; Schema: public; Owner: tp_igl_user
--

ALTER TABLE ONLY public.auth_group_permissions
    ADD CONSTRAINT auth_group_permissions_group_id_b120cbf9_fk_auth_group_id FOREIGN KEY (group_id) REFERENCES public.auth_group(id) DEFERRABLE INITIALLY DEFERRED;


--
-- Name: auth_permission auth_permission_content_type_id_2f476e4b_fk_django_co; Type: FK CONSTRAINT; Schema: public; Owner: tp_igl_user
--

ALTER TABLE ONLY public.auth_permission
    ADD CONSTRAINT auth_permission_content_type_id_2f476e4b_fk_django_co FOREIGN KEY (content_type_id) REFERENCES public.django_content_type(id) DEFERRABLE INITIALLY DEFERRED;


--
-- Name: authtoken_token authtoken_token_user_id_35299eff_fk_gestionAnnonce_user_id; Type: FK CONSTRAINT; Schema: public; Owner: tp_igl_user
--

ALTER TABLE ONLY public.authtoken_token
    ADD CONSTRAINT "authtoken_token_user_id_35299eff_fk_gestionAnnonce_user_id" FOREIGN KEY (user_id) REFERENCES public."gestionAnnonce_user"(id) DEFERRABLE INITIALLY DEFERRED;


--
-- Name: django_admin_log django_admin_log_content_type_id_c4bce8eb_fk_django_co; Type: FK CONSTRAINT; Schema: public; Owner: tp_igl_user
--

ALTER TABLE ONLY public.django_admin_log
    ADD CONSTRAINT django_admin_log_content_type_id_c4bce8eb_fk_django_co FOREIGN KEY (content_type_id) REFERENCES public.django_content_type(id) DEFERRABLE INITIALLY DEFERRED;


--
-- Name: django_admin_log django_admin_log_user_id_c564eba6_fk_gestionAnnonce_user_id; Type: FK CONSTRAINT; Schema: public; Owner: tp_igl_user
--

ALTER TABLE ONLY public.django_admin_log
    ADD CONSTRAINT "django_admin_log_user_id_c564eba6_fk_gestionAnnonce_user_id" FOREIGN KEY (user_id) REFERENCES public."gestionAnnonce_user"(id) DEFERRABLE INITIALLY DEFERRED;


--
-- Name: gestionAnnonce_annoncementimage gestionAnnonce_annon_annoncement_id_3da0502f_fk_gestionAn; Type: FK CONSTRAINT; Schema: public; Owner: tp_igl_user
--

ALTER TABLE ONLY public."gestionAnnonce_annoncementimage"
    ADD CONSTRAINT "gestionAnnonce_annon_annoncement_id_3da0502f_fk_gestionAn" FOREIGN KEY (annoncement_id) REFERENCES public."gestionAnnonce_annoncement"(id) DEFERRABLE INITIALLY DEFERRED;


--
-- Name: gestionAnnonce_annoncement_favorated_by gestionAnnonce_annon_annoncement_id_75212e64_fk_gestionAn; Type: FK CONSTRAINT; Schema: public; Owner: tp_igl_user
--

ALTER TABLE ONLY public."gestionAnnonce_annoncement_favorated_by"
    ADD CONSTRAINT "gestionAnnonce_annon_annoncement_id_75212e64_fk_gestionAn" FOREIGN KEY (annoncement_id) REFERENCES public."gestionAnnonce_annoncement"(id) DEFERRABLE INITIALLY DEFERRED;


--
-- Name: gestionAnnonce_annoncement gestionAnnonce_annon_category_id_a0423dbe_fk_gestionAn; Type: FK CONSTRAINT; Schema: public; Owner: tp_igl_user
--

ALTER TABLE ONLY public."gestionAnnonce_annoncement"
    ADD CONSTRAINT "gestionAnnonce_annon_category_id_a0423dbe_fk_gestionAn" FOREIGN KEY (category_id) REFERENCES public."gestionAnnonce_category"(id) DEFERRABLE INITIALLY DEFERRED;


--
-- Name: gestionAnnonce_annoncement gestionAnnonce_annon_contact_id_6b7882df_fk_gestionAn; Type: FK CONSTRAINT; Schema: public; Owner: tp_igl_user
--

ALTER TABLE ONLY public."gestionAnnonce_annoncement"
    ADD CONSTRAINT "gestionAnnonce_annon_contact_id_6b7882df_fk_gestionAn" FOREIGN KEY (contact_id) REFERENCES public."gestionAnnonce_contact"(id) DEFERRABLE INITIALLY DEFERRED;


--
-- Name: gestionAnnonce_annoncement gestionAnnonce_annon_location_id_246f3afd_fk_gestionAn; Type: FK CONSTRAINT; Schema: public; Owner: tp_igl_user
--

ALTER TABLE ONLY public."gestionAnnonce_annoncement"
    ADD CONSTRAINT "gestionAnnonce_annon_location_id_246f3afd_fk_gestionAn" FOREIGN KEY (location_id) REFERENCES public."gestionAnnonce_location"(id) DEFERRABLE INITIALLY DEFERRED;


--
-- Name: gestionAnnonce_annoncement gestionAnnonce_annon_type_id_67b086fa_fk_gestionAn; Type: FK CONSTRAINT; Schema: public; Owner: tp_igl_user
--

ALTER TABLE ONLY public."gestionAnnonce_annoncement"
    ADD CONSTRAINT "gestionAnnonce_annon_type_id_67b086fa_fk_gestionAn" FOREIGN KEY (type_id) REFERENCES public."gestionAnnonce_type"(id) DEFERRABLE INITIALLY DEFERRED;


--
-- Name: gestionAnnonce_annoncement_favorated_by gestionAnnonce_annon_user_id_330fed3e_fk_gestionAn; Type: FK CONSTRAINT; Schema: public; Owner: tp_igl_user
--

ALTER TABLE ONLY public."gestionAnnonce_annoncement_favorated_by"
    ADD CONSTRAINT "gestionAnnonce_annon_user_id_330fed3e_fk_gestionAn" FOREIGN KEY (user_id) REFERENCES public."gestionAnnonce_user"(id) DEFERRABLE INITIALLY DEFERRED;


--
-- Name: gestionAnnonce_annoncement gestionAnnonce_annon_user_id_e70041df_fk_gestionAn; Type: FK CONSTRAINT; Schema: public; Owner: tp_igl_user
--

ALTER TABLE ONLY public."gestionAnnonce_annoncement"
    ADD CONSTRAINT "gestionAnnonce_annon_user_id_e70041df_fk_gestionAn" FOREIGN KEY (user_id) REFERENCES public."gestionAnnonce_user"(id) DEFERRABLE INITIALLY DEFERRED;


--
-- Name: gestionAnnonce_commune gestionAnnonce_commu_wilaya_id_da2ae564_fk_gestionAn; Type: FK CONSTRAINT; Schema: public; Owner: tp_igl_user
--

ALTER TABLE ONLY public."gestionAnnonce_commune"
    ADD CONSTRAINT "gestionAnnonce_commu_wilaya_id_da2ae564_fk_gestionAn" FOREIGN KEY (wilaya_id) REFERENCES public."gestionAnnonce_wilaya"(id) DEFERRABLE INITIALLY DEFERRED;


--
-- Name: gestionAnnonce_location gestionAnnonce_locat_address_id_7dee74ae_fk_gestionAn; Type: FK CONSTRAINT; Schema: public; Owner: tp_igl_user
--

ALTER TABLE ONLY public."gestionAnnonce_location"
    ADD CONSTRAINT "gestionAnnonce_locat_address_id_7dee74ae_fk_gestionAn" FOREIGN KEY (address_id) REFERENCES public."gestionAnnonce_address"(id) DEFERRABLE INITIALLY DEFERRED;


--
-- Name: gestionAnnonce_location gestionAnnonce_locat_commune_id_2bfa6015_fk_gestionAn; Type: FK CONSTRAINT; Schema: public; Owner: tp_igl_user
--

ALTER TABLE ONLY public."gestionAnnonce_location"
    ADD CONSTRAINT "gestionAnnonce_locat_commune_id_2bfa6015_fk_gestionAn" FOREIGN KEY (commune_id) REFERENCES public."gestionAnnonce_commune"(id) DEFERRABLE INITIALLY DEFERRED;


--
-- Name: gestionAnnonce_location gestionAnnonce_locat_wilaya_id_8eb04d3a_fk_gestionAn; Type: FK CONSTRAINT; Schema: public; Owner: tp_igl_user
--

ALTER TABLE ONLY public."gestionAnnonce_location"
    ADD CONSTRAINT "gestionAnnonce_locat_wilaya_id_8eb04d3a_fk_gestionAn" FOREIGN KEY (wilaya_id) REFERENCES public."gestionAnnonce_wilaya"(id) DEFERRABLE INITIALLY DEFERRED;


--
-- Name: gestionAnnonce_messages gestionAnnonce_messa_sent_by_id_fe0f982a_fk_gestionAn; Type: FK CONSTRAINT; Schema: public; Owner: tp_igl_user
--

ALTER TABLE ONLY public."gestionAnnonce_messages"
    ADD CONSTRAINT "gestionAnnonce_messa_sent_by_id_fe0f982a_fk_gestionAn" FOREIGN KEY (sent_by_id) REFERENCES public."gestionAnnonce_user"(id) DEFERRABLE INITIALLY DEFERRED;


--
-- Name: gestionAnnonce_messages gestionAnnonce_messa_sent_to_id_f567f1c7_fk_gestionAn; Type: FK CONSTRAINT; Schema: public; Owner: tp_igl_user
--

ALTER TABLE ONLY public."gestionAnnonce_messages"
    ADD CONSTRAINT "gestionAnnonce_messa_sent_to_id_f567f1c7_fk_gestionAn" FOREIGN KEY (sent_to_id) REFERENCES public."gestionAnnonce_user"(id) DEFERRABLE INITIALLY DEFERRED;


--
-- Name: gestionAnnonce_user_user_permissions gestionAnnonce_user__permission_id_1d58377b_fk_auth_perm; Type: FK CONSTRAINT; Schema: public; Owner: tp_igl_user
--

ALTER TABLE ONLY public."gestionAnnonce_user_user_permissions"
    ADD CONSTRAINT "gestionAnnonce_user__permission_id_1d58377b_fk_auth_perm" FOREIGN KEY (permission_id) REFERENCES public.auth_permission(id) DEFERRABLE INITIALLY DEFERRED;


--
-- Name: gestionAnnonce_user_user_permissions gestionAnnonce_user__user_id_4a8c36f8_fk_gestionAn; Type: FK CONSTRAINT; Schema: public; Owner: tp_igl_user
--

ALTER TABLE ONLY public."gestionAnnonce_user_user_permissions"
    ADD CONSTRAINT "gestionAnnonce_user__user_id_4a8c36f8_fk_gestionAn" FOREIGN KEY (user_id) REFERENCES public."gestionAnnonce_user"(id) DEFERRABLE INITIALLY DEFERRED;


--
-- Name: gestionAnnonce_user_groups gestionAnnonce_user__user_id_d125cf9f_fk_gestionAn; Type: FK CONSTRAINT; Schema: public; Owner: tp_igl_user
--

ALTER TABLE ONLY public."gestionAnnonce_user_groups"
    ADD CONSTRAINT "gestionAnnonce_user__user_id_d125cf9f_fk_gestionAn" FOREIGN KEY (user_id) REFERENCES public."gestionAnnonce_user"(id) DEFERRABLE INITIALLY DEFERRED;


--
-- Name: gestionAnnonce_user_groups gestionAnnonce_user_groups_group_id_fe4fb615_fk_auth_group_id; Type: FK CONSTRAINT; Schema: public; Owner: tp_igl_user
--

ALTER TABLE ONLY public."gestionAnnonce_user_groups"
    ADD CONSTRAINT "gestionAnnonce_user_groups_group_id_fe4fb615_fk_auth_group_id" FOREIGN KEY (group_id) REFERENCES public.auth_group(id) DEFERRABLE INITIALLY DEFERRED;


--
-- Name: DEFAULT PRIVILEGES FOR SEQUENCES; Type: DEFAULT ACL; Schema: -; Owner: postgres
--

ALTER DEFAULT PRIVILEGES FOR ROLE postgres GRANT ALL ON SEQUENCES  TO tp_igl_user;


--
-- Name: DEFAULT PRIVILEGES FOR TYPES; Type: DEFAULT ACL; Schema: -; Owner: postgres
--

ALTER DEFAULT PRIVILEGES FOR ROLE postgres GRANT ALL ON TYPES  TO tp_igl_user;


--
-- Name: DEFAULT PRIVILEGES FOR FUNCTIONS; Type: DEFAULT ACL; Schema: -; Owner: postgres
--

ALTER DEFAULT PRIVILEGES FOR ROLE postgres GRANT ALL ON FUNCTIONS  TO tp_igl_user;


--
-- Name: DEFAULT PRIVILEGES FOR TABLES; Type: DEFAULT ACL; Schema: -; Owner: postgres
--

ALTER DEFAULT PRIVILEGES FOR ROLE postgres GRANT ALL ON TABLES  TO tp_igl_user;


--
-- PostgreSQL database dump complete
--

